Category,Rank,Organization,Contact_Model,Region,Website,Partnership_Or_Apply_URL,Public_Email,Public_Phone,Social_Primary,Priority,Outreach_Notes,Fit_Score,Status,Approved,Sequence_Stage,Last_Contact,Next_Action,Compartment,Primary_Inbox,UTM_Campaign,AI_Draft_Link
Pet Insurance,1,Embrace Pet Insurance,B2B Affiliate,National USA,https://www.embracepetinsurance.com,https://app.impact.com/ (search Embrace),press@embracepetinsurance.com,800-511-9172,@embracepetinsurance,★★★,Apply via Impact; ~$36/lead; holistic-friendly positioning,,New,,0,,,Insurance,partners@freedompawsinc.com,insurance,
Pet Insurance,2,Pets Best Insurance,B2B Affiliate,National USA,https://www.petsbest.com,https://www.petsbest.com/forms/affiliates,,888-217-2731,@petsbest,★★★,Affiliate form + API for apps; benefits@petsbest.com for B2B2C,,New,,0,,,Insurance,partners@freedompawsinc.com,insurance,
Pet Insurance,3,Spot Pet Insurance,B2B Affiliate,National USA,https://www.spotpetinsurance.com,https://www.spotpetinsurance.com/affiliate-program,,,@spotpetins,★★★,Digital-first; request tracked deep links,,New,,0,,,Insurance,partners@freedompawsinc.com,insurance,
Pet Insurance,4,Fetch by The Dodo (Petplan),B2B Affiliate,National USA,https://www.fetchpet.com,https://www.fetchpet.com/affiliates (verify),,,@fetchpet,★★★,Impact/CJ; lost-pet messaging,,New,,0,,,Insurance,partners@freedompawsinc.com,insurance,
Pet Insurance,5,Lemonade Pet,B2B Affiliate,National USA,https://www.lemonade.com/pet,https://www.lemonade.com/partners,,,@lemonade_inc,★★,Tech brand; partner program page,,New,,0,,,Insurance,partners@freedompawsinc.com,insurance,
Pet Insurance,6,Figo Pet Insurance,B2B Affiliate,National USA,https://figopetinsurance.com,https://figopetinsurance.com/affiliate,,,@figopetinsurance,★★,App-native audience fit,,New,,0,,,Insurance,partners@freedompawsinc.com,insurance,
Pet Insurance,7,ASPCA Pet Health Insurance,B2B Affiliate,National USA,https://www.aspcapetinsurance.com,https://www.aspcapetinsurance.com/affiliates,,877-738-7237,@aspca,★★,Mission overlap — verify give-back alignment,,New,,0,,,Insurance,partners@freedompawsinc.com,insurance,
Pet Insurance,8,MetLife Pet Insurance,B2B Affiliate,National USA,https://www.metlifepetinsurance.com,https://www.metlifepetinsurance.com/partners,,,@metlife,★★,Employer channel potential,,New,,0,,,Insurance,partners@freedompawsinc.com,insurance,
Pet Insurance,9,Nationwide Pet Insurance,B2B Affiliate,National USA,https://www.petinsurance.com,https://www.petinsurance.com/affiliate,,877-738-7874,@nationwide,★★,Whole Pet plan; vet network,,New,,0,,,Insurance,partners@freedompawsinc.com,insurance,
Pet Insurance,10,Trupanion,B2B Vet Channel,National USA,https://trupanion.com,https://trupanion.com/veterinary (vet direct),,888-626-0932,@trupanion,★,Less affiliate-open; vet-first model,,New,,0,,,Insurance,partners@freedompawsinc.com,insurance,
Pet Insurance,11,Pumpkin Pet Insurance,B2B Affiliate,National USA,https://www.pumpkin.care,https://www.pumpkin.care/partners (verify),,,@pumpkin,★★,Growth brand,,New,,0,,,Insurance,partners@freedompawsinc.com,insurance,
Pet Insurance,12,ManyPets (US),B2B Affiliate,National USA,https://manypets.com/us,https://manypets.com/us/partners (verify),,,@manypets,★★,Formerly Bought By Many,,New,,0,,,Insurance,partners@freedompawsinc.com,insurance,
Pet Insurance,13,Odie Pet Insurance,B2B Affiliate,National USA,https://getodie.com,https://getodie.com/affiliates (verify),,,@getodie,★,SMB insurer,,New,,0,,,Insurance,partners@freedompawsinc.com,insurance,
Pet Insurance,14,Wagmo,B2B Affiliate,National USA,https://www.wagmo.io,https://www.wagmo.io/partners (verify),,,@wagmo,★★,Wellness + insurance bundle angle,,New,,0,,,Insurance,partners@freedompawsinc.com,insurance,
Pet Insurance,15,Pet Assure (discount plan),B2B Affiliate,National USA,https://www.petassure.com,https://www.petassure.com/affiliate,,888-789-7387,@petassure,★,Not full insurance — discount vet,,New,,0,,,Insurance,partners@freedompawsinc.com,insurance,
Pet Insurance,16,United Pet Care,B2B Affiliate,National USA,https://www.unitedpetcare.com,https://www.unitedpetcare.com/affiliate (verify),,,,★,Discount membership,,New,,0,,,Insurance,partners@freedompawsinc.com,insurance,
Pet Insurance,17,Eusoh (community health),B2B Partner,National USA,https://www.eusoh.com,https://www.eusoh.com/partners (verify),,,@eusoh,★,Alternative model — mission review,,New,,0,,,Insurance,partners@freedompawsinc.com,insurance,
Pet Insurance,18,Pawlicy Advisor,B2B API Partner,National USA,https://www.pawlicy.com,https://www.pawlicy.com/partnerships,,,@pawlicy,★★,Comparison embed partner,,New,,0,,,Insurance,partners@freedompawsinc.com,insurance,
Pet Insurance,19,Impact.com (network),B2B Platform,National USA,https://impact.com,https://impact.com/partnerships,,,,★★★,Hub for Embrace Fetch Lemonade,,New,,0,,,Insurance,partners@freedompawsinc.com,insurance,
Pet Insurance,20,CJ Affiliate (network),B2B Platform,National USA,https://www.cj.com,https://www.cj.com/advertiser-partners,,,,★★,Pet insurance merchants,,New,,0,,,Insurance,partners@freedompawsinc.com,insurance,
Pet Insurance,21,ShareASale / Awin,B2B Platform,National USA,https://www.awin.com,https://www.awin.com/us/join,,,,★★,Honest Kitchen Open Farm brands,,New,,0,,,Insurance,partners@freedompawsinc.com,insurance,
Pet Insurance,22,FlexOffers (network),B2B Platform,National USA,https://www.flexoffers.com,https://www.flexoffers.com/affiliate-programs,,,,★★,Embrace and pet vertical,,New,,0,,,Insurance,partners@freedompawsinc.com,insurance,
Pet Insurance,23,Partnerize,B2B Platform,National USA,https://partnerize.com,https://partnerize.com/get-started,,,,★,Enterprise affiliates,,New,,0,,,Insurance,partners@freedompawsinc.com,insurance,
Pet Insurance,24,Rakuten Advertising,B2B Platform,National USA,https://rakutenadvertising.com,https://rakutenadvertising.com/publishers,,,,★,Select pet brands,,New,,0,,,Insurance,partners@freedompawsinc.com,insurance,
Pet Insurance,25,Pet Insurance Review (media),P2B Content,National USA,https://www.petinsurancereview.com,Contact via site form,,,,★,Content partnership / guest post,,New,,0,,,Insurance,partners@freedompawsinc.com,insurance,
Pet Insurance,26,Consumer Affairs Pet Insurance,P2B Content,National USA,https://www.consumeraffairs.com/pets/pet-insurance,,,,,★,Comparison content,,New,,0,,,Insurance,partners@freedompawsinc.com,insurance,
Pet Insurance,27,Forbes Advisor Pet Insurance,P2B Media,National USA,https://www.forbes.com/advisor/pet-insurance,,,,,★,High authority — slow,,New,,0,,,Insurance,partners@freedompawsinc.com,insurance,
Pet Insurance,28,NerdWallet Pet Insurance,P2B Media,National USA,https://www.nerdwallet.com/insurance/pet,,,,,★,Educational backlinks,,New,,0,,,Insurance,partners@freedompawsinc.com,insurance,
Pet Insurance,29,Employer Benefits brokers (Mercer zone),B2B2C,National USA,https://www.mercer.com,Regional broker outreach,,,,★,Pets Best MetLife channel,,New,,0,,,Insurance,partners@freedompawsinc.com,insurance,
Pet Insurance,30,HR platform Gusto marketplace,B2B2C,National USA,https://gusto.com,https://gusto.com/product/partners,,,,★,Future B2B2C listing,,New,,0,,,Insurance,partners@freedompawsinc.com,insurance,
Pet Insurance,31,Benefitfocus,B2B2C,National USA,https://www.benefitfocus.com,Partner inquiry form,,,,★,Employee pet benefit,,New,,0,,,Insurance,partners@freedompawsinc.com,insurance,
Pet Insurance,32,Veterinary hospital groups (VCA),B2B,National USA,https://vcahospitals.com,Corporate partnerships page,,,,★,Referral not primary affiliate,,New,,0,,,Insurance,partners@freedompawsinc.com,insurance,
Pet Insurance,33,Banfield Pet Hospital,B2B,National USA,https://www.banfield.com,Wellness plan partnership inquiry,,,,★,Wellness plan overlap — careful,,New,,0,,,Insurance,partners@freedompawsinc.com,insurance,
Pet Insurance,34,Petco Insurance offerings,B2B Retail,National USA,https://www.petco.com,https://corporate.petco.com,,,,★,Retail distribution,,New,,0,,,Insurance,partners@freedompawsinc.com,insurance,
Pet Insurance,35,Chewy Care Plus,B2B,National USA,https://www.chewy.com,https://www.chewy.com/app/content/partners,,,,★,Competitor — learn model,,New,,0,,,Insurance,partners@freedompawsinc.com,insurance,
Pet Insurance,36,Wag Group insurance bundle,B2B,National USA,https://wagwalking.com,Corporate contact form,,,,★,Bundle model reference,,New,,0,,,Insurance,partners@freedompawsinc.com,insurance,
Pet Insurance,37,State Farm pet riders (agents),P2B Local,USA agents,https://www.statefarm.com,Local agent outreach,,,,★,Local co-marketing events,,New,,0,,,Insurance,partners@freedompawsinc.com,insurance,
Pet Insurance,38,USAA pet insurance (where offered),B2B2C,Military USA,https://www.usaa.com,Partnership inquiry,,,,★★,Veteran channel alignment,,New,,0,,,Insurance,partners@freedompawsinc.com,insurance,
Pet Insurance,39,AFLAC pet (if applicable),B2B2C,National USA,https://www.aflac.com,Broker channel,,,,★,Supplemental,,New,,0,,,Insurance,partners@freedompawsinc.com,insurance,
Pet Insurance,40,Liberty Mutual pet,Affiliate via agents,P2B,National USA,https://www.libertymutual.com,Agent locator,,,,★,Local events,,New,,0,,,Insurance,partners@freedompawsinc.com,insurance,
Pet Insurance,41,Progressive Pet (compare),P2B,National USA,https://www.progressive.com,,,,,★,Aggregator comparisons,,New,,0,,,Insurance,partners@freedompawsinc.com,insurance,
Pet Insurance,42,Policygenius pet vertical,P2B,National USA,https://www.policygenius.com,https://www.policygenius.com/about,,,,★,Embed partner,,New,,0,,,Insurance,partners@freedompawsinc.com,insurance,
Pet Insurance,43,Insurify pet,P2B,National USA,https://www.insurify.com,Partnerships page,,,,★,Quote widget,,New,,0,,,Insurance,partners@freedompawsinc.com,insurance,
Pet Insurance,44,QuoteWizard pet,P2B,National USA,https://www.quotewizard.com,,,,,★,Lead gen — vet quality,,New,,0,,,Insurance,partners@freedompawsinc.com,insurance,
Pet Insurance,45,Pet insurance Facebook groups,P2P Community,USA,Facebook,Group admin DM,,,,★★,Organic education posts,,New,,0,,,Insurance,partners@freedompawsinc.com,insurance,
Pet Insurance,46,Reddit r/petinsurance,P2P Community,USA,reddit.com/r/petinsurance,Community guidelines,,,,★,Helpful not spam,,New,,0,,,Insurance,partners@freedompawsinc.com,insurance,
Pet Insurance,47,Dog mom influencers (micro),P2P Social,USA,Instagram,DM + affiliate offer,,,,★★★,ViT + insurance story,,New,,0,,,Insurance,partners@freedompawsinc.com,insurance,
Pet Insurance,48,Pet bloggers network,P2P Content,USA,https://www.blogpaws.com,Conference sponsorship,,,,★★,Conference $500-2K,,New,,0,,,Insurance,partners@freedompawsinc.com,insurance,
Pet Insurance,49,Podcast — Petaverse / Pet Lover Geek,P2P Media,USA,Podcast contact form,Sponsorship,,,,★,$200-1K episode,,New,,0,,,Insurance,partners@freedompawsinc.com,insurance,
Pet Insurance,50,Freedom Paws founder network,P2P,Warm,Internal,info@freedompawsinc.com,,,,★★★,Vet clinics TN/CA first,,New,,0,,,Insurance,partners@freedompawsinc.com,insurance,
Holistic Telehealth,1,Vetster,B2B + Affiliate,USA/CA,https://www.vetster.com,https://www.vetster.com/en-us/affiliates,support@vetster.com,844-461-9012,@vetster,★★★,Filter integrative vets; employer + affiliate paths,,New,,0,,,Telehealth,partners@freedompawsinc.com,telehealth,
Holistic Telehealth,2,AirVet,B2B Partner,USA,https://www.airvet.com,https://www.airvet.com/partners,sales@airvet.com,,@airvet,★★★,sales@airvet.com for BD,,New,,0,,,Telehealth,partners@freedompawsinc.com,telehealth,
Holistic Telehealth,3,Pawp,B2B Subscription,USA,https://www.pawp.com,https://www.pawp.com/partners (verify),,,@pawp,★★,24/7 model — verify holistic fit,,New,,0,,,Telehealth,partners@freedompawsinc.com,telehealth,
Holistic Telehealth,4,Dutch (telehealth),B2B,USA,https://www.dutch.com,Contact via site,,,@dutch,★★,Rx-forward — screen carefully,,New,,0,,,Telehealth,partners@freedompawsinc.com,telehealth,
Holistic Telehealth,5,FirstVet,B2B,USA/EU,https://firstvet.com,https://firstvet.com/us/business,,,@firstvet,★,Employer benefits,,New,,0,,,Telehealth,partners@freedompawsinc.com,telehealth,
Holistic Telehealth,6,GuardianVets,B2B,USA,https://guardianvets.com,Partnership inquiry,,,,★,After-hours triage,,New,,0,,,Telehealth,partners@freedompawsinc.com,telehealth,
Holistic Telehealth,7,TeleVet,B2B,USA,https://www.televet.com,https://www.televet.com/partner-with-televet,,,@televet,★,Clinic platform,,New,,0,,,Telehealth,partners@freedompawsinc.com,telehealth,
Holistic Telehealth,8,AskVet,B2B,USA,https://www.askvet.app,Corporate form,,,,★,App embed,,New,,0,,,Telehealth,partners@freedompawsinc.com,telehealth,
Holistic Telehealth,9,Chewy Connect with a Vet,B2B Reference,USA,https://www.chewy.com,Learn model only,,,,★,Not partner — benchmark,,New,,0,,,Telehealth,partners@freedompawsinc.com,telehealth,
Holistic Telehealth,10,AHVMA (Holistic VMA),B2B Directory,USA,https://www.ahvma.org,https://www.ahvma.org/find-a-holistic-vet,,,@ahvma,★★★,Conference sponsor; member referrals,,New,,0,,,Telehealth,partners@freedompawsinc.com,telehealth,
Holistic Telehealth,11,AVMA Telehealth resources,B2B Reference,USA,https://www.avma.org,Telehealth guidelines,,,@avma,★,Credibility cite only,,New,,0,,,Telehealth,partners@freedompawsinc.com,telehealth,
Holistic Telehealth,12,IVC Evidensia telehealth,B2B,USA,https://www.ivcevidensia.com,Corporate,,,,★,Corporate vet groups,,New,,0,,,Telehealth,partners@freedompawsinc.com,telehealth,
Holistic Telehealth,13,Bond Vet telehealth,B2B,USA Northeast,https://www.bondvet.com,Partnerships,,,@bondvet,★,Urban clinics,,New,,0,,,Telehealth,partners@freedompawsinc.com,telehealth,
Holistic Telehealth,14,Modern Animal,B2B,USA,https://www.modernanimal.com,Partnerships,,,@modernanimal,★,Membership vet,,New,,0,,,Telehealth,partners@freedompawsinc.com,telehealth,
Holistic Telehealth,15,Thrive Pet Healthcare,B2B,USA,https://www.thrivepetcare.com,Corporate,,,,★,Multi-state,,New,,0,,,Telehealth,partners@freedompawsinc.com,telehealth,
Holistic Telehealth,16,VetInsight,B2B,USA,https://www.vetinsight.com,Partner form,,,,★,Triage AI + vets,,New,,0,,,Telehealth,partners@freedompawsinc.com,telehealth,
Holistic Telehealth,17,WhiskerDocs,B2B,USA,https://www.whiskerdocs.com,Employer benefits,,,,★,24/7 advice,,New,,0,,,Telehealth,partners@freedompawsinc.com,telehealth,
Holistic Telehealth,18,PetDesk,B2B Platform,USA,https://www.petdesk.com,https://www.petdesk.com/partners,,,@petdesk,★★,Pets Best API integrator,,New,,0,,,Telehealth,partners@freedompawsinc.com,telehealth,
Holistic Telehealth,19,Vetster for Employers,B2B2C,USA,https://www.vetster.com/en-us/for-employers,Employer inquiry form,support@vetster.com,,,★★★,Veteran employer channel,,New,,0,,,Telehealth,partners@freedompawsinc.com,telehealth,
Holistic Telehealth,20,Integrative vet — Dr. Judy Morgan,P2B Influencer,USA,https://drjudymorgan.com,Speaking / affiliate,,,@drjudymorgan,★★,Holistic thought leader,,New,,0,,,Telehealth,partners@freedompawsinc.com,telehealth,
Holistic Telehealth,21,Holistic Vet Blend (practice),P2B,USA,Local search,Direct practice outreach,,,,★★,Regional CA/TN,,New,,0,,,Telehealth,partners@freedompawsinc.com,telehealth,
Holistic Telehealth,22,Holistic Animal Studies,B2B Education,USA,https://www.holisticanimalstudies.org,Partnership,,,,★,Education co-brand,,New,,0,,,Telehealth,partners@freedompawsinc.com,telehealth,
Holistic Telehealth,23,Chi Institute (TCVM),B2B Education,USA,https://www.tcvm.com,Conference,,,,★,Traditional Chinese vet med,,New,,0,,,Telehealth,partners@freedompawsinc.com,telehealth,
Holistic Telehealth,24,American Holistic Veterinary Medical Foundation,B2B Nonprofit,USA,https://www.ahvmf.org,Donation/partnership,,,,★,Mission alignment,,New,,0,,,Telehealth,partners@freedompawsinc.com,telehealth,
Holistic Telehealth,25,Holistic Hound (brand+education),P2B,USA,https://www.holistichound.com,Wholesale/affiliate,,,,★,CBD/natural — legal review,,New,,0,,,Telehealth,partners@freedompawsinc.com,telehealth,
Holistic Telehealth,26,Vet Naturals,B2B Brand,USA,https://vetnaturals.com,Affiliate,,,,★,Supplement telehealth cross-sell,,New,,0,,,Telehealth,partners@freedompawsinc.com,telehealth,
Holistic Telehealth,27,Holistic Vet Telehealth (generic),P2B,USA,Google Maps,Search integrative DVM telehealth CA TN,,,,★★★,10 practices direct,,New,,0,,,Telehealth,partners@freedompawsinc.com,telehealth,
Holistic Telehealth,28,VIN (Veterinary Information Network),B2B Professional,USA,https://www.vin.com,Advertising,,,,★,Professional ads costly,,New,,0,,,Telehealth,partners@freedompawsinc.com,telehealth,
Holistic Telehealth,29,DVM360 media,B2B Media,USA,https://www.dvm360.com,https://www.dvm360.com/advertise,,,,★,Sponsored content $1K+,,New,,0,,,Telehealth,partners@freedompawsinc.com,telehealth,
Holistic Telehealth,30,Today's Veterinary Business,B2B Media,USA,https://www.tvbmagazine.com,Media kit,,,,★,B2B awareness,,New,,0,,,Telehealth,partners@freedompawsinc.com,telehealth,
Holistic Telehealth,31,Fetch dvm360 conference,B2B Event,USA,Conference,Exhibitor booth,,,,★,Booth $2K-10K,,New,,0,,,Telehealth,partners@freedompawsinc.com,telehealth,
Holistic Telehealth,32,VMX (Vet Meeting Expo),B2B Event,USA,https://navc.com/vmx,Sponsorship,,,,★,Major vet conference,,New,,0,,,Telehealth,partners@freedompawsinc.com,telehealth,
Holistic Telehealth,33,WVC conference,B2B Event,USA,https://wvc.org,Sponsorship,,,,★,Regional,,New,,0,,,Telehealth,partners@freedompawsinc.com,telehealth,
Holistic Telehealth,34,Telehealth Facebook groups,P2P,USA,Facebook,Admin outreach,,,,★,Pet health groups,,New,,0,,,Telehealth,partners@freedompawsinc.com,telehealth,
Holistic Telehealth,35,Holistic dog Facebook groups,P2P,USA,Facebook,Senior dogs natural care,,,,★★★,Mission fit,,New,,0,,,Telehealth,partners@freedompawsinc.com,telehealth,
Holistic Telehealth,36,Instagram holistic vets,P2P Social,USA,Instagram,#holisticvet hashtag,,,,★★★,DM 20 accounts,,New,,0,,,Telehealth,partners@freedompawsinc.com,telehealth,
Holistic Telehealth,37,YouTube holistic pet channels,P2P,USA,YouTube,Creator affiliate,,,,★★,ViT demo collab,,New,,0,,,Telehealth,partners@freedompawsinc.com,telehealth,
Holistic Telehealth,38,TikTok pet wellness creators,P2P,USA,TikTok,Micro-influencer,,,,★★,Low CAC tests,,New,,0,,,Telehealth,partners@freedompawsinc.com,telehealth,
Holistic Telehealth,39,Podcast — Holistic Pet Radio,P2P,USA,Podcast,Sponsor,,,,★,$150-500,,New,,0,,,Telehealth,partners@freedompawsinc.com,telehealth,
Holistic Telehealth,40,Rescue org vet partners,P2B,USA,Shelter partners,Shelter vet roster,,,,★★,Warm intro via shelter,,New,,0,,,Telehealth,partners@freedompawsinc.com,telehealth,
Holistic Telehealth,41,Pet store holistic sections,P2B Local,USA,Independent pet stores,Store partnership,,,,★★,QR ViT cards,,New,,0,,,Telehealth,partners@freedompawsinc.com,telehealth,
Holistic Telehealth,42,Natural pet expo events,P2B Event,USA,https://www.globalpetexpo.org,Exhibitor,,,,★★,Booth $3K+,,New,,0,,,Telehealth,partners@freedompawsinc.com,telehealth,
Holistic Telehealth,43,SuperZoo trade show,B2B Event,USA,https://www.superzoo.org,Exhibitor,,,,★,Retail connections,,New,,0,,,Telehealth,partners@freedompawsinc.com,telehealth,
Holistic Telehealth,44,Zoom Room / dog training,P2B,USA,Franchise,Local partnership,,,,★,Wellness referrals,,New,,0,,,Telehealth,partners@freedompawsinc.com,telehealth,
Holistic Telehealth,45,Petco Veterinary Services,B2B Reference,USA,https://www.petco.com,Vetco,,,,★,Benchmark only,,New,,0,,,Telehealth,partners@freedompawsinc.com,telehealth,
Holistic Telehealth,46,VetIQ clinics,B2B,USA,https://www.vetiqpetcare.com,Corporate,,,,★,Walk-in model,,New,,0,,,Telehealth,partners@freedompawsinc.com,telehealth,
Holistic Telehealth,47,Local mobile holistic vets,P2B,CA/TN,Google,Direct call,,,,★★★,House call niche,,New,,0,,,Telehealth,partners@freedompawsinc.com,telehealth,
Holistic Telehealth,48,Veterinary telehealth lawyers (VCPR),B2B Legal,USA,Counsel,Compliance review,,,,★★,Required before scale,,New,,0,,,Telehealth,partners@freedompawsinc.com,telehealth,
Holistic Telehealth,49,Freedom Paws ViT funnel,P2B Internal,USA,app.freedompawsinc.com,/wellness/partners/telehealth,partners@freedompawsinc.com,,,,★★★,Attach standards PDF,,New,,0,,,Telehealth,partners@freedompawsinc.com,telehealth,
Holistic Telehealth,50,LinkedIn Sales Navigator trial,P2B Tool,USA,linkedin.com,Target integrative DVM titles,,,,★★,$80/mo 1 month,,New,,0,,,Telehealth,partners@freedompawsinc.com,telehealth,
Whole Food Nutrition,1,The Honest Kitchen,B2B Affiliate,USA,https://www.thehonestkitchen.com,https://www.thehonestkitchen.com/pages/partner-with-us,influencer@thehonestkitchen.com,866-437-9729,@thehonestkitchen,★★★,Gut Balance protocol; Impact/ShareASale,,New,,0,,,Affiliate,partners@freedompawsinc.com,affiliate,
Whole Food Nutrition,2,Open Farm,B2B Affiliate,USA,https://openfarmpet.com,https://openfarmpet.com/pages/affiliates,,,@openfarmpet,★★★,Ethical sourcing; allergy protocol,,New,,0,,,Affiliate,partners@freedompawsinc.com,affiliate,
Whole Food Nutrition,3,Stella & Chewy's,B2B Affiliate,USA,https://www.stellaandchewys.com,https://www.stellaandchewys.com/affiliate (verify),,,@stellaandchewys,★★★,Raw/freeze-dried — disclose handling,,New,,0,,,Affiliate,partners@freedompawsinc.com,affiliate,
Whole Food Nutrition,4,Nom Nom,B2B Partner,USA,https://www.nomnomnow.com,https://www.nomnomnow.com/partners,,,@nomnom,★★,Fresh food subscription,,New,,0,,,Affiliate,partners@freedompawsinc.com,affiliate,
Whole Food Nutrition,5,The Farmer's Dog,B2B,USA,https://www.thefarmersdog.com,Partnership inquiry,,,@thefarmersdog,★★,Fresh food — competitor learn,,New,,0,,,Affiliate,partners@freedompawsinc.com,affiliate,
Whole Food Nutrition,6,Ollie,B2B,USA,https://www.myollie.com,Affiliate program,,,@myollie,★★,Fresh subscription,,New,,0,,,Affiliate,partners@freedompawsinc.com,affiliate,
Whole Food Nutrition,7,JustFoodForDogs,B2B,USA,https://www.justfoodfordogs.com,https://www.justfoodfordogs.com/affiliate,,,@justfoodfordogs,★★,Kitchen-visible food,,New,,0,,,Affiliate,partners@freedompawsinc.com,affiliate,
Whole Food Nutrition,8,Raised Right,B2B,USA,https://www.raisedrightpets.com,Affiliate,,,@raisedrightpets,★★,Limited ingredient,,New,,0,,,Affiliate,partners@freedompawsinc.com,affiliate,
Whole Food Nutrition,9,Answers Pet Food,B2B,USA,https://answerspetfood.com,Dealer/affiliate,,,,★★,Holistic community,,New,,0,,,Affiliate,partners@freedompawsinc.com,affiliate,
Whole Food Nutrition,10,Primal Pet Foods,B2B,USA,https://primalpetfoods.com,https://primalpetfoods.com/where-to-buy,,,@primalpetfoods,★★,Raw nutrition,,New,,0,,,Affiliate,partners@freedompawsinc.com,affiliate,
Whole Food Nutrition,11,Instinct Pet Food,B2B,USA,https://www.instinctpetfood.com,Brand partnerships,,,@instinctpetfood,★,Raw + kibble,,New,,0,,,Affiliate,partners@freedompawsinc.com,affiliate,
Whole Food Nutrition,12,Wellness Pet Company,B2B,USA,https://www.wellnesspetfood.com,https://www.wellnesspetfood.com/contact-us,,,@wellnesspetfood,★,CORE natural lines only,,New,,0,,,Affiliate,partners@freedompawsinc.com,affiliate,
Whole Food Nutrition,13,Canidae,B2B,USA,https://canidae.com,Partner form,,,@canidae,★,Clean protein,,New,,0,,,Affiliate,partners@freedompawsinc.com,affiliate,
Whole Food Nutrition,14,Native Pet,B2B Affiliate,USA,https://nativepet.com,https://nativepet.com/pages/affiliates,,,@nativepet,★★★,Max Movement / gut supplements,,New,,0,,,Affiliate,partners@freedompawsinc.com,affiliate,
Whole Food Nutrition,15,Fera Pets,B2B,USA,https://ferapets.com,Affiliate,,,@ferapets,★★,Whole-food supplements,,New,,0,,,Affiliate,partners@freedompawsinc.com,affiliate,
Whole Food Nutrition,16,Dr. Harvey's,B2B,USA,https://www.drharveys.com,Wholesale,,,@drharvey,★★,Holistic base mixes,,New,,0,,,Affiliate,partners@freedompawsinc.com,affiliate,
Whole Food Nutrition,17,Sojos,B2B,USA,https://www.sojos.com,Dealer,,,,★,Freeze-dried,,New,,0,,,Affiliate,partners@freedompawsinc.com,affiliate,
Whole Food Nutrition,18,The Real Meat Company,B2B,USA,https://realmeatpet.com,Distributor,,,,★,Treats/food,,New,,0,,,Affiliate,partners@freedompawsinc.com,affiliate,
Whole Food Nutrition,19,Smallbatch Pets,B2B,USA,https://smallbatchpets.com,Dealer,,,@smallbatchpets,★★,West coast raw,,New,,0,,,Affiliate,partners@freedompawsinc.com,affiliate,
Whole Food Nutrition,20,Steve's Real Food,B2B,USA,https://www.stevesrealfood.com,Dealer,,,,★,Raw,,New,,0,,,Affiliate,partners@freedompawsinc.com,affiliate,
Whole Food Nutrition,21,Green Juju,B2B,USA,https://greenjuju.com,Wholesale,,,@greenjuju,★★,Bone broth / toppers,,New,,0,,,Affiliate,partners@freedompawsinc.com,affiliate,
Whole Food Nutrition,22,Brutus Bone Broth,B2B,USA,https://brutusbroth.com,Affiliate,,,@brutusbroth,★,Gut support,,New,,0,,,Affiliate,partners@freedompawsinc.com,affiliate,
Whole Food Nutrition,23,Super Snouts Hemp Co,B2B,USA,https://www.supersnouts.com,Wholesale,,,,★,CBD — state legal review,,New,,0,,,Affiliate,partners@freedompawsinc.com,affiliate,
Whole Food Nutrition,24,Charlotte's Web (pet),B2B,USA,https://www.charlottesweb.com,Affiliate,,,,★,CBD compliance,,New,,0,,,Affiliate,partners@freedompawsinc.com,affiliate,
Whole Food Nutrition,25,iHerb Pet supplements,B2B Affiliate,Global,https://www.iherb.com,https://www.iherb.com/info/affiliate,,,,★★,Holistic SKU whitelist,,New,,0,,,Affiliate,partners@freedompawsinc.com,affiliate,
Whole Food Nutrition,26,Thrive Market pet,B2B Affiliate,USA,https://thrivemarket.com,Affiliate program,,,,★,Natural marketplace,,New,,0,,,Affiliate,partners@freedompawsinc.com,affiliate,
Whole Food Nutrition,27,Chewy affiliate (curated),B2B Affiliate,USA,https://www.chewy.com,https://partners.chewy.com,,,,★,SKU whitelist only,,New,,0,,,Affiliate,partners@freedompawsinc.com,affiliate,
Whole Food Nutrition,28,Amazon Associates pet,B2B Affiliate,USA,https://affiliate-program.amazon.com,Apply,,,,★,Last resort whitelist,,New,,0,,,Affiliate,partners@freedompawsinc.com,affiliate,
Whole Food Nutrition,29,Petflow affiliate,B2B,USA,https://www.petflow.com,Affiliate,,,,★,Natural brands,,New,,0,,,Affiliate,partners@freedompawsinc.com,affiliate,
Whole Food Nutrition,30,Only Natural Pet,B2B,USA,https://www.onlynaturalpet.com,Affiliate,,,@onlynaturalpet,★★,Natural positioning,,New,,0,,,Affiliate,partners@freedompawsinc.com,affiliate,
Whole Food Nutrition,31,Pet Food Express (regional),P2B Retail,CA,https://www.petfoodexpress.com,Store events,,,,★★,Future expansion events,,New,,0,,,Affiliate,partners@freedompawsinc.com,affiliate,
Whole Food Nutrition,32,Hollywood Feed,P2B Retail,SE USA,https://www.hollywoodfeed.com,Events TN,,,,★★,TN alignment,,New,,0,,,Affiliate,partners@freedompawsinc.com,affiliate,
Whole Food Nutrition,33,Natural Pawz,P2B Retail,TX+,https://www.naturalpawz.com,Local,,,,★,Regional,,New,,0,,,Affiliate,partners@freedompawsinc.com,affiliate,
Whole Food Nutrition,34,Whole Foods pet section,P2B Retail,USA,Local stores,Demos,,,,★,Demo costs $200+,,New,,0,,,Affiliate,partners@freedompawsinc.com,affiliate,
Whole Food Nutrition,35,Sprouts Farmers Market pet,P2B Retail,USA,Local,Demos,,,,★,Natural shoppers,,New,,0,,,Affiliate,partners@freedompawsinc.com,affiliate,
Whole Food Nutrition,36,Independent natural pet stores,P2B Local,USA,Google Maps,50 store QR campaign,,,,★★★,ViT + protocol cards,,New,,0,,,Affiliate,partners@freedompawsinc.com,affiliate,
Whole Food Nutrition,37,Holistic pet nutritionists,P2P,USA,Instagram,Consultant affiliate,,,,★★,Referral fee,,New,,0,,,Affiliate,partners@freedompawsinc.com,affiliate,
Whole Food Nutrition,38,Canine nutrition courses,P2B Education,USA,Online schools,Guest lecture,,,,★,Authority,,New,,0,,,Affiliate,partners@freedompawsinc.com,affiliate,
Whole Food Nutrition,39,Raw Feeding Community,P2P Facebook,USA,Facebook,Group education,,,,★★,Gut Balance fit,,New,,0,,,Affiliate,partners@freedompawsinc.com,affiliate,
Whole Food Nutrition,40,Homemade dog food bloggers,P2P,USA,Blogs,Guest post + affiliate,,,,★★,SEO,,New,,0,,,Affiliate,partners@freedompawsinc.com,affiliate,
Whole Food Nutrition,41,YouTube raw feeders,P2P,USA,YouTube,Creator kit,,,,★★,Demo ViT,,New,,0,,,Affiliate,partners@freedompawsinc.com,affiliate,
Whole Food Nutrition,42,Podcast — Raw Dog Food and Company,P2P,USA,Podcast,Sponsor,,,,★,,,New,,0,,,Affiliate,partners@freedompawsinc.com,affiliate,
Whole Food Nutrition,43,Pet nutrition subreddit,P2P,USA,reddit.com/r/dogs,Helpful posts,,,,★,,,New,,0,,,Affiliate,partners@freedompawsinc.com,affiliate,
Whole Food Nutrition,44,Veterinary nutritionists (diplomates),B2B,USA,ACVN directory,Advisory board,,,,★,Credibility not affiliate,,New,,0,,,Affiliate,partners@freedompawsinc.com,affiliate,
Whole Food Nutrition,45,Balance IT (vet formulated),B2B,USA,https://balanceit.com,Vet channel,,,,★,Home-cooked,,New,,0,,,Affiliate,partners@freedompawsinc.com,affiliate,
Whole Food Nutrition,46,JustFoodForDogs vet line,B2B,USA,Clinic program,Clinic affiliate,,,,★,,,New,,0,,,Affiliate,partners@freedompawsinc.com,affiliate,
Whole Food Nutrition,47,Sundays for Dogs,B2B,USA,https://sundaysfordogs.com,Affiliate,,,,★,Air-dried,,New,,0,,,Affiliate,partners@freedompawsinc.com,affiliate,
Whole Food Nutrition,48,We Feed Raw,B2B,USA,https://wefeedraw.com,Affiliate,,,,★,Raw delivery,,New,,0,,,Affiliate,partners@freedompawsinc.com,affiliate,
Whole Food Nutrition,49,Maev,B2B,USA,https://www.meetmaev.com,Partnerships,,,,★,Fresh frozen,,New,,0,,,Affiliate,partners@freedompawsinc.com,affiliate,
Whole Food Nutrition,50,Freedom Paws protocol shop,P2B Internal,USA,app.freedompawsinc.com/token-shop,Protocol affiliate links per slug,,,,★★★,Link from /protocols/[slug],,New,,0,,,Affiliate,partners@freedompawsinc.com,affiliate,
Non-Toxic Chews Toys,1,West Paw,B2B Affiliate,USA,https://www.westpaw.com,https://www.westpaw.com/pages/affiliates,,,@westpaw,★★★,Zogoflex USA made,,New,,0,,,Affiliate,partners@freedompawsinc.com,affiliate,
Non-Toxic Chews Toys,2,Planet Dog,B2B,USA,https://www.planetdog.com,Wholesale/affiliate,,,@planetdog,★★★,Orbee-Tuff,,New,,0,,,Affiliate,partners@freedompawsinc.com,affiliate,
Non-Toxic Chews Toys,3,Kong Company,B2B,USA,https://www.kongcompany.com,https://www.kongcompany.com/affiliate,,,@kongcompany,★★,Classic enrichment,,New,,0,,,Affiliate,partners@freedompawsinc.com,affiliate,
Non-Toxic Chews Toys,4,Chuckit! (PetSafe),B2B,USA,https://www.chuckit.com,Brand parent outreach,,,@chuckit,★★,Outdoor play,,New,,0,,,Affiliate,partners@freedompawsinc.com,affiliate,
Non-Toxic Chews Toys,5,Benebone,B2B Affiliate,USA,https://www.benebone.com,Affiliate program,,,@benebone,★★,Nylon chews — allergy note,,New,,0,,,Affiliate,partners@freedompawsinc.com,affiliate,
Non-Toxic Chews Toys,6,Goughnuts,B2B,USA,https://www.goughnuts.com,Dealer,,,@goughnuts,★★,Safety ring design,,New,,0,,,Affiliate,partners@freedompawsinc.com,affiliate,
Non-Toxic Chews Toys,7,Ruffwear,B2B,USA,https://ruffwear.com,https://ruffwear.com/pages/affiliates,,,@ruffwear,★★,Outdoor lifestyle,,New,,0,,,Affiliate,partners@freedompawsinc.com,affiliate,
Non-Toxic Chews Toys,8,Wild One,B2B,USA,https://wildone.com,Ambassador,,,@wildone,★,Design brand,,New,,0,,,Affiliate,partners@freedompawsinc.com,affiliate,
Non-Toxic Chews Toys,9,BARK (BarkBox),B2B Affiliate,USA,https://www.barkbox.com,https://www.barkbox.com/affiliates,,,@barkbox,★★,Subscription boxes,,New,,0,,,Affiliate,partners@freedompawsinc.com,affiliate,
Non-Toxic Chews Toys,10,Super Chewer (BARK),B2B,USA,https://www.barkbox.com/super-chewer,Affiliate,,,,★★,Durable chews,,New,,0,,,Affiliate,partners@freedompawsinc.com,affiliate,
Non-Toxic Chews Toys,11,Whimzees,B2B,USA,https://www.whimzees.com,Distributor,,,@whimzees,★★★,Dental — Fresh Smile protocol,,New,,0,,,Affiliate,partners@freedompawsinc.com,affiliate,
Non-Toxic Chews Toys,12,Greenies (verify ingredients),B2B,USA,https://www.greenies.com,Brand partnership,,,@greenies,★,Dental — vet line,,New,,0,,,Affiliate,partners@freedompawsinc.com,affiliate,
Non-Toxic Chews Toys,13,Earth Animal,B2B,USA,https://www.earthanimal.com,Wholesale,,,@earthanimal,★★,No-hide chews,,New,,0,,,Affiliate,partners@freedompawsinc.com,affiliate,
Non-Toxic Chews Toys,14,Bow Wow Labs (Bully Buddy),B2B,USA,https://bowwowlabs.com,Affiliate,,,,★,Safety device,,New,,0,,,Affiliate,partners@freedompawsinc.com,affiliate,
Non-Toxic Chews Toys,15,Best Bully Sticks,B2B Affiliate,USA,https://www.bestbullysticks.com,Affiliate,,,,★,Single ingredient — sourcing review,,New,,0,,,Affiliate,partners@freedompawsinc.com,affiliate,
Non-Toxic Chews Toys,16,Jack & Pup,B2B,USA,https://www.jackandpup.com,Affiliate,,,,★,Treats,,New,,0,,,Affiliate,partners@freedompawsinc.com,affiliate,
Non-Toxic Chews Toys,17,SmartBones / Pegetables,B2B,USA,https://www.smartbones.com,Distributor,,,,★,No rawhide,,New,,0,,,Affiliate,partners@freedompawsinc.com,affiliate,
Non-Toxic Chews Toys,18,Pawstruck,B2B,USA,https://www.pawstruck.com,Affiliate,,,,★,Natural chews,,New,,0,,,Affiliate,partners@freedompawsinc.com,affiliate,
Non-Toxic Chews Toys,19,Natural Farm Pet,B2B,USA,https://www.naturalfarmpet.com,Wholesale,,,,★,Brazilian chews — sourcing,,New,,0,,,Affiliate,partners@freedompawsinc.com,affiliate,
Non-Toxic Chews Toys,20,Starmark,B2B,USA,https://www.starmarkacademy.com,Dealer,,,,★,Training treats,,New,,0,,,Affiliate,partners@freedompawsinc.com,affiliate,
Non-Toxic Chews Toys,21,Outward Hound,B2B,USA,https://outwardhound.com,Affiliate,,,@outwardhound,★,Puzzles/toys,,New,,0,,,Affiliate,partners@freedompawsinc.com,affiliate,
Non-Toxic Chews Toys,22,Nina Ottosson puzzles,B2B,USA,https://www.nina-ottosson.com,Dealer,,,,★,Enrichment,,New,,0,,,Affiliate,partners@freedompawsinc.com,affiliate,
Non-Toxic Chews Toys,23,Snuffle Mats (local makers),P2B Etsy,USA,etsy.com,Artisan wholesale,,,,★★,Allergy enrichment,,New,,0,,,Affiliate,partners@freedompawsinc.com,affiliate,
Non-Toxic Chews Toys,24,West Paw Seaflex line,B2B,USA,westpaw.com,Product line affiliate,,,,★★,,,New,,0,,,Affiliate,partners@freedompawsinc.com,affiliate,
Non-Toxic Chews Toys,25,Cycle Dog,B2B,USA,https://cycledog.com,Wholesale,,,,★,Eco toys,,New,,0,,,Affiliate,partners@freedompawsinc.com,affiliate,
Non-Toxic Chews Toys,26,Planet Pleasures (natural),B2B,USA,https://www.planetpleasures.com,Dealer,,,,★,Natural fibers,,New,,0,,,Affiliate,partners@freedompawsinc.com,affiliate,
Non-Toxic Chews Toys,27,Harry Barker,B2B,USA,https://www.harrybarker.com,Wholesale,,,,★,Eco lifestyle,,New,,0,,,Affiliate,partners@freedompawsinc.com,affiliate,
Non-Toxic Chews Toys,28,PetSafe (toys),B2B,USA,https://www.petsafe.net,Brand,,,@petsafe,★,Auto toys,,New,,0,,,Affiliate,partners@freedompawsinc.com,affiliate,
Non-Toxic Chews Toys,29,Frisco (Chewy brand),B2B Reference,USA,chewy.com,Curate only,,,,★,Value tier,,New,,0,,,Affiliate,partners@freedompawsinc.com,affiliate,
Non-Toxic Chews Toys,30,Branch Basics (cleaners),B2B Env,USA,https://www.branchbasics.com,Affiliate,,,@branchbasics,★★,Environment pillar,,New,,0,,,Affiliate,partners@freedompawsinc.com,affiliate,
Non-Toxic Chews Toys,31,Force of Nature cleaner,B2B Env,USA,https://www.forceofnatureclean.com,Affiliate,,,,★★,Non-toxic home,,New,,0,,,Affiliate,partners@freedompawsinc.com,affiliate,
Non-Toxic Chews Toys,32,Seventh Generation pet-safe,B2B Env,USA,https://www.seventhgeneration.com,Brand,,,,★,Household,,New,,0,,,Affiliate,partners@freedompawsinc.com,affiliate,
Non-Toxic Chews Toys,33,Wyze cameras (Monitor),B2B,USA,https://www.wyze.com,Affiliate,,,@wyze,★★,Monitor My Dog guide,,New,,0,,,Affiliate,partners@freedompawsinc.com,affiliate,
Non-Toxic Chews Toys,34,Ring / Amazon,B2B Reference,USA,ring.com,Affiliate optional,,,,★,Monitor compare,,New,,0,,,Affiliate,partners@freedompawsinc.com,affiliate,
Non-Toxic Chews Toys,35,Furbo,B2B,USA,https://furbo.com,Affiliate,,,@furbo,★,Treat cam,,New,,0,,,Affiliate,partners@freedompawsinc.com,affiliate,
Non-Toxic Chews Toys,36,Puptecture / non-toxic beds,B2B,USA,Independent,Wholesale search,,,,★,Sleep environment,,New,,0,,,Affiliate,partners@freedompawsinc.com,affiliate,
Non-Toxic Chews Toys,37,Avocado Green pet bed,B2B,USA,https://www.avocadogreenmattress.com,Affiliate,,,,★,Non-toxic materials,,New,,0,,,Affiliate,partners@freedompawsinc.com,affiliate,
Non-Toxic Chews Toys,38,Molly Mutt,B2B,USA,https://www.mollymutt.com,Affiliate,,,,★,Washable beds,,New,,0,,,Affiliate,partners@freedompawsinc.com,affiliate,
Non-Toxic Chews Toys,39,West Paw beds,B2B,USA,westpaw.com,Beds line,,,,★★,,,New,,0,,,Affiliate,partners@freedompawsinc.com,affiliate,
Non-Toxic Chews Toys,40,USA made bully stick co-ops,P2B,USA,Regional,Source audit,,,,★,Sourcing transparency,,New,,0,,,Affiliate,partners@freedompawsinc.com,affiliate,
Non-Toxic Chews Toys,41,Pet store buyer meetings,P2B,USA,Trade shows,SuperZoo meetings,,,,★★,Travel $1-3K,,New,,0,,,Affiliate,partners@freedompawsinc.com,affiliate,
Non-Toxic Chews Toys,42,Amazon influencer program,P2B,USA,amazon.com/influencers,Curated storefront,,,,★,Whitelist SKUs,,New,,0,,,Affiliate,partners@freedompawsinc.com,affiliate,
Non-Toxic Chews Toys,43,Target pet private label,P2B Reference,USA,target.com,Benchmark,,,,★,,,New,,0,,,Affiliate,partners@freedompawsinc.com,affiliate,
Non-Toxic Chews Toys,44,Costco pet toys,P2B Reference,USA,costco.com,Benchmark,,,,★,,,New,,0,,,Affiliate,partners@freedompawsinc.com,affiliate,
Non-Toxic Chews Toys,45,Dog toy subscription boxes,P2B,USA,Various,Affiliate compare,,,,★,,,New,,0,,,Affiliate,partners@freedompawsinc.com,affiliate,
Non-Toxic Chews Toys,46,Enrichment trainers,P2P,USA,Instagram,Affiliate referral,,,,★★,Kong + West Paw,,New,,0,,,Affiliate,partners@freedompawsinc.com,affiliate,
Non-Toxic Chews Toys,47,Dog daycare centers,P2B Local,USA,Google Maps,50 local QR,,,,★★,ViT + safe picks,,New,,0,,,Affiliate,partners@freedompawsinc.com,affiliate,
Non-Toxic Chews Toys,48,Pet sitters (Rover sitters),P2P,USA,Rover,Educational handout,,,,★,Not Rover corporate yet,,New,,0,,,Affiliate,partners@freedompawsinc.com,affiliate,
Non-Toxic Chews Toys,49,Recall alert FDA pet,P2B Compliance,USA,https://www.fda.gov/animal-veterinary,Safety newsletter,,,,★★,Trust building,,New,,0,,,Affiliate,partners@freedompawsinc.com,affiliate,
Non-Toxic Chews Toys,50,Freedom Paws safe products page,P2B Internal,USA,/wellness (planned),Curated list,,,,★★★,Build next sprint,,New,,0,,,Affiliate,partners@freedompawsinc.com,affiliate,
Shelters Rescues,1,Best Friends Animal Society,B2B National,UT/USA,https://bestfriends.org,https://bestfriends.org/partnerships,,,@bestfriends,★★★,Network 3000+ partners,,New,,0,,,Shelter,shelter@freedompawsinc.com,shelter,
Shelters Rescues,2,ASPCA,B2B National,USA,https://www.aspca.org,https://www.aspca.org/about-us/aspca-partnership,,,@aspca,★★,Mission alignment,,New,,0,,,Shelter,shelter@freedompawsinc.com,shelter,
Shelters Rescues,3,HSUS Shelter Outreach,B2B National,USA,https://www.humanesociety.org,https://www.humanesociety.org/community/shelters,,,@humansociety,★★,Resources not always direct shelter,,New,,0,,,Shelter,shelter@freedompawsinc.com,shelter,
Shelters Rescues,4,Petco Love,B2B Grants,USA,https://petcolove.org,https://petcolove.org/grants,,,@petcolove,★★★,Grant funding + credibility,,New,,0,,,Shelter,shelter@freedompawsinc.com,shelter,
Shelters Rescues,5,Maddie's Fund,B2B Grants,USA,https://www.maddiesfund.org,https://www.maddiesfund.org/grants,,,@maddiesfund,★★★,Innovation grants,,New,,0,,,Shelter,shelter@freedompawsinc.com,shelter,
Shelters Rescues,6,San Francisco SPCA,B2B Pilot,CA,https://www.sfspca.org,Partnership inquiry,,,@sfspca,★★★,CA tech-forward,,New,,0,,,Shelter,shelter@freedompawsinc.com,shelter,
Shelters Rescues,7,East Bay SPCA,B2B Pilot,CA,https://www.eastbayspca.org,Partnership,,,@eastbayspca,★★★,Future expansion,,New,,0,,,Shelter,shelter@freedompawsinc.com,shelter,
Shelters Rescues,8,LA Animal Services,B2B Pilot,CA,https://www.lacity.gov/government/departments/animal-services,City partnership,,,@lacitypets,★★,High volume,,New,,0,,,Shelter,shelter@freedompawsinc.com,shelter,
Shelters Rescues,9,Sacramento SPCA,B2B Pilot,CA,https://www.sspca.org,Partnership,,,@sspca,★★,CA,,New,,0,,,Shelter,shelter@freedompawsinc.com,shelter,
Shelters Rescues,10,San Diego Humane,B2B Pilot,CA,https://www.sdhumane.org,Partnership,,,@sdhumane,★★,CA volume,,New,,0,,,Shelter,shelter@freedompawsinc.com,shelter,
Shelters Rescues,11,Orange County Animal Care,CA,CA,https://www.ocpetinfo.com,County outreach,,,,★★,CA,,New,,0,,,Shelter,shelter@freedompawsinc.com,shelter,
Shelters Rescues,12,Seattle Humane,B2B,WA,https://www.seattlehumane.org,Partnership,,,@seattlehumane,★,West coast,,New,,0,,,Shelter,shelter@freedompawsinc.com,shelter,
Shelters Rescues,13,Oregon Humane Society,B2B,OR,https://www.oregonhumane.org,Partnership,,,@oregonhumane,★,,,New,,0,,,Shelter,shelter@freedompawsinc.com,shelter,
Shelters Rescues,14,Austin Pets Alive!,B2B,TX,https://www.austinpetsalive.org,Partnership,,,@austinpetsalive,★★,Innovation leader,,New,,0,,,Shelter,shelter@freedompawsinc.com,shelter,
Shelters Rescues,15,Animal Care Centers of NYC,B2B,NY,https://www.nycacc.org,Partnership,,,@nycacc,★,Volume,,New,,0,,,Shelter,shelter@freedompawsinc.com,shelter,
Shelters Rescues,16,Chicago Animal Care,B2B,IL,https://www.chicago.gov/city/en/depts/cacc.html,City,,,,★,,,New,,0,,,Shelter,shelter@freedompawsinc.com,shelter,
Shelters Rescues,17,Animal Humane Society MN,B2B,MN,https://www.animalhumanesociety.org,Partnership,,,@animalhumane,★,,,New,,0,,,Shelter,shelter@freedompawsinc.com,shelter,
Shelters Rescues,18,Denver Dumb Friends League,B2B,CO,https://www.ddfl.org,Partnership,,,@ddfl,★,,,New,,0,,,Shelter,shelter@freedompawsinc.com,shelter,
Shelters Rescues,19,Nashville Humane Association,B2B Pilot,TN,https://www.nashvillehumane.org,Partnership,shelter@freedompawsinc.com,,@nashhumane,★★★,TN pilot,,New,,0,,,Shelter,shelter@freedompawsinc.com,shelter,
Shelters Rescues,20,Young-Williams Animal Center,B2B Pilot,TN,https://www.young-williams.org,Partnership,,,@youngwilliams,★★★,TN Knoxville,,New,,0,,,Shelter,shelter@freedompawsinc.com,shelter,
Shelters Rescues,21,Humane Society of Tennessee Valley,B2B Pilot,TN,https://humanesocietytennessee.org,Partnership,,,,★★★,TN regional,,New,,0,,,Shelter,shelter@freedompawsinc.com,shelter,
Shelters Rescues,22,Memphis Animal Services,B2B,TN,https://www.memphisanimalservices.com,City,,,,★★,TN volume,,New,,0,,,Shelter,shelter@freedompawsinc.com,shelter,
Shelters Rescues,23,Chattanooga Humane,B2B,TN,https://www.humanechattanooga.org,Partnership,,,,★★,TN,,New,,0,,,Shelter,shelter@freedompawsinc.com,shelter,
Shelters Rescues,24,Knoxville Young Williams,B2B,TN,See Young-Williams,,,,,★★,,,New,,0,,,Shelter,shelter@freedompawsinc.com,shelter,
Shelters Rescues,25,Smoky Mountain Animal Care,TN,TN,Regional rescues,Direct,,,,★★,Buddy legacy geography,,New,,0,,,Shelter,shelter@freedompawsinc.com,shelter,
Shelters Rescues,26,California Animal Welfare Assn,B2B State,CA,https://www.calanimals.org,Conference booth,,,,★★★,CalAnimals conference,,New,,0,,,Shelter,shelter@freedompawsinc.com,shelter,
Shelters Rescues,27,Tennessee Animal Control Assn,B2B State,TN,State association,Conference,,,,★★★,TN shelter intros,,New,,0,,,Shelter,shelter@freedompawsinc.com,shelter,
Shelters Rescues,28,Animal Welfare Association NJ,B2B,NJ,https://www.awanj.org,Model reference,,,,★,,,New,,0,,,Shelter,shelter@freedompawsinc.com,shelter,
Shelters Rescues,29,Richmond SPCA,B2B,VA,https://www.richmondspca.org,Partnership,,,,★,,,New,,0,,,Shelter,shelter@freedompawsinc.com,shelter,
Shelters Rescues,30,Charleston Animal Society,B2B,SC,https://www.charlestonanimalsociety.org,Partnership,,,,★,,,New,,0,,,Shelter,shelter@freedompawsinc.com,shelter,
Shelters Rescues,31,Atlanta Humane,B2B,GA,https://www.atlantahumane.org,Partnership,,,@atlantahumane,★★,Southeast hub,,New,,0,,,Shelter,shelter@freedompawsinc.com,shelter,
Shelters Rescues,32,Florida Urgent Rescue,B2B,FL,https://www.floridaurgentrescue.com,Partnership,,,,★,,,New,,0,,,Shelter,shelter@freedompawsinc.com,shelter,
Shelters Rescues,33,Miami-Dade Animal Services,B2B,FL,https://www.miamidade.gov/animals,County,,,,★,,,New,,0,,,Shelter,shelter@freedompawsinc.com,shelter,
Shelters Rescues,34,Houston SPCA,B2B,TX,https://www.houstonspca.org,Partnership,,,,★,,,New,,0,,,Shelter,shelter@freedompawsinc.com,shelter,
Shelters Rescues,35,Dallas Animal Services,B2B,TX,https://www.dallasanimalservices.org,City,,,,★,,,New,,0,,,Shelter,shelter@freedompawsinc.com,shelter,
Shelters Rescues,36,Hearts & Bones Rescue,B2B,TX/NY,https://www.heartsandbonesrescue.com,Partnership,,,,★,,,New,,0,,,Shelter,shelter@freedompawsinc.com,shelter,
Shelters Rescues,37,Rescue Bank (Greater Good),B2B,National,https://www.rescuebank.org,Partnership,,,,★,Food donation angle,,New,,0,,,Shelter,shelter@freedompawsinc.com,shelter,
Shelters Rescues,38,BISSELL Pet Foundation,B2B,National,https://www.bissellpetfoundation.org,Grants/events,,,@bissellpets,★★,Empty the Shelters events,,New,,0,,,Shelter,shelter@freedompawsinc.com,shelter,
Shelters Rescues,39,Pets for Patriots,B2B,National,https://www.petsforpatriots.org,Partnership,,,@petsforpatriots,★★★,Veteran+shelter bridge,,New,,0,,,Shelter,shelter@freedompawsinc.com,shelter,
Shelters Rescues,40,Pilots N Paws,B2B,National,https://www.pilotsnpaws.org,Partnership,,,,★,Transport,,New,,0,,,Shelter,shelter@freedompawsinc.com,shelter,
Shelters Rescues,41,Animal Rescue Corps,B2B,National,https://www.animalrescuecorps.org,Partnership,,,,★,,,New,,0,,,Shelter,shelter@freedompawsinc.com,shelter,
Shelters Rescues,42,Wings of Rescue,B2B,National,https://www.wingsofrescue.org,Partnership,,,,★,Transport,,New,,0,,,Shelter,shelter@freedompawsinc.com,shelter,
Shelters Rescues,43,Shelter Animals Count,B2B Data,National,https://www.shelteranimalscount.org,Data partnership,,,,★★,Metrics credibility,,New,,0,,,Shelter,shelter@freedompawsinc.com,shelter,
Shelters Rescues,44,Hill's Food Shelter Love,B2B,National,https://www.hillspet.com/shelter,Program reference,,,,★,Nutrition — brand careful,,New,,0,,,Shelter,shelter@freedompawsinc.com,shelter,
Shelters Rescues,45,Purina Shelter Champions,B2B,National,https://www.purina.com,Reference only,,,,★,Not primary partner,,New,,0,,,Shelter,shelter@freedompawsinc.com,shelter,
Shelters Rescues,46,Rescue groups Facebook network,P2P,USA,Facebook,Group outreach,,,,★★,Foster networks,,New,,0,,,Shelter,shelter@freedompawsinc.com,shelter,
Shelters Rescues,47,Petfinder.com shelters,B2B Platform,USA,https://www.petfinder.com,List outreach,,,,★★,5000+ shelters,,New,,0,,,Shelter,shelter@freedompawsinc.com,shelter,
Shelters Rescues,48,Adopt-a-Pet.com,B2B Platform,USA,https://www.adoptapet.com,Partnership,,,,★,,,New,,0,,,Shelter,shelter@freedompawsinc.com,shelter,
Shelters Rescues,49,24Petwatch (chip),B2B Reference,USA,https://www.24petwatch.com,Track 2 reference,,,,★,Chip not primary,,New,,0,,,Shelter,shelter@freedompawsinc.com,shelter,
Shelters Rescues,50,Freedom Paws shelter inbox,B2B Internal,USA,app.freedompawsinc.com/id/shelter,shelter@freedompawsinc.com,,,,★★★,Pilot LOI template,,New,,0,,,Shelter,shelter@freedompawsinc.com,shelter,
Veteran Service Dog Orgs,1,K9s For Warriors,B2B National,FL/USA,https://www.k9sforwarriors.org,https://www.k9sforwarriors.org/partner,,,@k9sforwarriors,★★★,Largest service dog vet org,,New,,0,,,Veteran,partners@freedompawsinc.com,veteran,
Veteran Service Dog Orgs,2,America's VetDogs,B2B National,NY,https://www.vetdogs.org,Corporate partnerships,,,@vetdogs,★★★,Guide/service dogs,,New,,0,,,Veteran,partners@freedompawsinc.com,veteran,
Veteran Service Dog Orgs,3,Paws for Purple Hearts,B2B National,CA,https://pawsforpurplehearts.org,Partnership,,,@pawsforpurplehearts,★★★,PTSD service dogs,,New,,0,,,Veteran,partners@freedompawsinc.com,veteran,
Veteran Service Dog Orgs,4,Warrior Canine Connection,B2B National,MD,https://warriorcanineconnection.org,Partnership,,,@warriorcanine,★★★,Mission therapy dogs,,New,,0,,,Veteran,partners@freedompawsinc.com,veteran,
Veteran Service Dog Orgs,5,Patriot PAWS,B2B,TX,https://www.patriotpaws.org,Partnership,,,@patriotpaws,★★,Service dogs TX,,New,,0,,,Veteran,partners@freedompawsinc.com,veteran,
Veteran Service Dog Orgs,6,Canine Companions Veterans,B2B National,CA,https://canine.org,Partnership,,,@caninecompanions,★★,Assistance dogs,,New,,0,,,Veteran,partners@freedompawsinc.com,veteran,
Veteran Service Dog Orgs,7,NEADS World Class Service Dogs,B2B,MA,https://www.neads.org,Partnership,,,@neads,★★,,,New,,0,,,Veteran,partners@freedompawsinc.com,veteran,
Veteran Service Dog Orgs,8,Semper K9,B2B,VA,https://semperk9.org,Partnership,,,@semperk9,★★,Free service dogs vets,,New,,0,,,Veteran,partners@freedompawsinc.com,veteran,
Veteran Service Dog Orgs,9,Mutts With A Mission,B2B,VA,https://www.muttswithamission.org,Partnership,,,,★★,,,New,,0,,,Veteran,partners@freedompawsinc.com,veteran,
Veteran Service Dog Orgs,10,Guardian Angels Medical Service Dogs,B2B,FL,https://www.medicalservicedogs.org,Partnership,,,,★★,,,New,,0,,,Veteran,partners@freedompawsinc.com,veteran,
Veteran Service Dog Orgs,11,4 Paws for Ability,B2B,OH,https://4pawsforability.org,Partnership,,,,★,,,New,,0,,,Veteran,partners@freedompawsinc.com,veteran,
Veteran Service Dog Orgs,12,Canine Assistants,B2B,GA,https://canineassistants.org,Partnership,,,,★,,,New,,0,,,Veteran,partners@freedompawsinc.com,veteran,
Veteran Service Dog Orgs,13,Freedom Service Dogs,B2B,CO,https://freedomservicedogs.org,Partnership,,,,★★,Name alignment,,New,,0,,,Veteran,partners@freedompawsinc.com,veteran,
Veteran Service Dog Orgs,14,Atlas Assistance Dogs,B2B,WA,https://www.atlasdog.org,Partnership,,,,★,,,New,,0,,,Veteran,partners@freedompawsinc.com,veteran,
Veteran Service Dog Orgs,15,Muttville Senior Dogs,B2B,CA,https://muttville.org,Partnership,,,@muttville,★★,Senior dogs veterans,,New,,0,,,Veteran,partners@freedompawsinc.com,veteran,
Veteran Service Dog Orgs,16,Pets for Vets,B2B National,USA,https://petsforvets.com,Partnership,,,@petsforvets,★★★,Shelter dog + veteran,,New,,0,,,Veteran,partners@freedompawsinc.com,veteran,
Veteran Service Dog Orgs,17,Pets for Patriots,B2B National,USA,https://www.petsforpatriots.org,Partnership,,,@petsforpatriots,★★★,Adoption + veteran,,New,,0,,,Veteran,partners@freedompawsinc.com,veteran,
Veteran Service Dog Orgs,18,VFW Posts nationwide,P2B Community,USA,https://www.vfw.org,Local post outreach,,,@VFW,★★★,Lake meetup events,,New,,0,,,Veteran,partners@freedompawsinc.com,veteran,
Veteran Service Dog Orgs,19,American Legion,P2B Community,USA,https://www.legion.org,Local posts,,,@AmericanLegion,★★,Community events,,New,,0,,,Veteran,partners@freedompawsinc.com,veteran,
Veteran Service Dog Orgs,20,DAV Disabled American Veterans,P2B,USA,https://www.dav.org,Partnership events,,,@DAV,★★,,,New,,0,,,Veteran,partners@freedompawsinc.com,veteran,
Veteran Service Dog Orgs,21,Wounded Warrior Project,P2B National,USA,https://www.woundedwarriorproject.org,Corporate partnership inquiry,,,@WWP,★★,Verify pet program fit,,New,,0,,,Veteran,partners@freedompawsinc.com,veteran,
Veteran Service Dog Orgs,22,Team Rubicon,P2B,USA,https://teamrubiconusa.org,Community,,,@TeamRubicon,★,Disaster + community,,New,,0,,,Veteran,partners@freedompawsinc.com,veteran,
Veteran Service Dog Orgs,23,USO,P2B National,USA,https://www.uso.org,Programs,,,@the_USO,★,Military families,,New,,0,,,Veteran,partners@freedompawsinc.com,veteran,
Veteran Service Dog Orgs,24,Travis Manion Foundation,P2B,USA,https://www.travismanion.org,Events,,,@TravisManion,★,,,New,,0,,,Veteran,partners@freedompawsinc.com,veteran,
Veteran Service Dog Orgs,25,Iraq and Afghanistan Veterans,P2B,USA,https://iava.org,Partnership,,,@IAVA,★★,,,New,,0,,,Veteran,partners@freedompawsinc.com,veteran,
Veteran Service Dog Orgs,26,Student Veterans of America,P2B,USA,https://studentveterans.org,Campus chapters,,,@studentvets,★★,Young veterans + dogs,,New,,0,,,Veteran,partners@freedompawsinc.com,veteran,
Veteran Service Dog Orgs,27,Service Dogs Inc,B2B,TX,https://www.servicedogs.org,Partnership,,,,★,,,New,,0,,,Veteran,partners@freedompawsinc.com,veteran,
Veteran Service Dog Orgs,28,ECAD Educated Canines Assisting,B2B,CT,https://www.ecad1.org,Partnership,,,,★,,,New,,0,,,Veteran,partners@freedompawsinc.com,veteran,
Veteran Service Dog Orgs,29,Canines for Veterans,B2B,SC,https://www.palmettomoon.org,Program search,,,,★,,,New,,0,,,Veteran,partners@freedompawsinc.com,veteran,
Veteran Service Dog Orgs,30,Operation Freedom Paws,B2B,AZ,https://www.operationfreedompaws.org,Partnership,,,@opefreedompaws,★★,Name synergy,,New,,0,,,Veteran,partners@freedompawsinc.com,veteran,
Veteran Service Dog Orgs,31,Shelter to Soldier,B2B,CA,https://www.sheltertosoldier.org,Partnership,,,@sheltertosoldier,★★,Rescue + veteran,,New,,0,,,Veteran,partners@freedompawsinc.com,veteran,
Veteran Service Dog Orgs,32,Vets Adopt Pets,B2B National,USA,https://www.vetsadoptpets.org,Partnership,,,,★★,Adoption fees assistance,,New,,0,,,Veteran,partners@freedompawsinc.com,veteran,
Veteran Service Dog Orgs,33,Greater Good Charities veterans,P2B,USA,https://greatergood.org,Programs,,,,★,,,New,,0,,,Veteran,partners@freedompawsinc.com,veteran,
Veteran Service Dog Orgs,34,Boulder Crest Foundation,P2B,VA,https://www.bouldercrest.org,Wellness retreats,,,@BoulderCrest,★★,PTSD wellness alignment,,New,,0,,,Veteran,partners@freedompawsinc.com,veteran,
Veteran Service Dog Orgs,35,Headstrong Project,P2B,USA,https://www.getheadstrong.org,Mental health,,,@getheadstrong,★,Referral careful,,New,,0,,,Veteran,partners@freedompawsinc.com,veteran,
Veteran Service Dog Orgs,36,VA Medical Centers recreation,P2B Federal,USA,https://www.va.gov,Local VA outreach,,,@VeteransAffairs,★,Official channels slow,,New,,0,,,Veteran,partners@freedompawsinc.com,veteran,
Veteran Service Dog Orgs,37,State veterans affairs TN CA,P2B State,TN/CA,State sites,State partnership,,,,★★,Pilot states,,New,,0,,,Veteran,partners@freedompawsinc.com,veteran,
Veteran Service Dog Orgs,38,Military.com,P2B Media,USA,https://www.military.com,Content partnership,,,@Militarydotcom,★,Editorial,,New,,0,,,Veteran,partners@freedompawsinc.com,veteran,
Veteran Service Dog Orgs,39,Task & Purpose,P2B Media,USA,https://taskandpurpose.com,Sponsored content,,,@taskandpurpose,★,$500-2K article,,New,,0,,,Veteran,partners@freedompawsinc.com,veteran,
Veteran Service Dog Orgs,40,Military Times,P2B Media,USA,https://www.militarytimes.com,Media,,,,★,,,New,,0,,,Veteran,partners@freedompawsinc.com,veteran,
Veteran Service Dog Orgs,41,Patriot Boot Camp,P2B,USA,https://www.patriotbootcamp.org,Startup vets,,,,★,Founder network,,New,,0,,,Veteran,partners@freedompawsinc.com,veteran,
Veteran Service Dog Orgs,42,Bunker Labs,P2B,USA,https://bunkerlabs.org,Veteran entrepreneurs,,,@thebunkerlabs,★,,,New,,0,,,Veteran,partners@freedompawsinc.com,veteran,
Veteran Service Dog Orgs,43,LinkedIn veteran dog groups,P2P,USA,LinkedIn,Group posts,,,,★★,,,New,,0,,,Veteran,partners@freedompawsinc.com,veteran,
Veteran Service Dog Orgs,44,Facebook veteran dog parents,P2P,USA,Facebook,Groups,,,,★★★,Patriot Immune messaging,,New,,0,,,Veteran,partners@freedompawsinc.com,veteran,
Veteran Service Dog Orgs,45,Instagram service dog handlers,P2P,USA,Instagram,#servicedog,,,,★★★,UGC Photo Booth,,New,,0,,,Veteran,partners@freedompawsinc.com,veteran,
Veteran Service Dog Orgs,46,YouTube veteran dog channels,P2P,USA,YouTube,Creator kits,,,,★★,,,New,,0,,,Veteran,partners@freedompawsinc.com,veteran,
Veteran Service Dog Orgs,47,Local TN lake communities,P2P,TN,Regional,Meetup events,,,,★★★,Buddy legacy lakes,,New,,0,,,Veteran,partners@freedompawsinc.com,veteran,
Veteran Service Dog Orgs,48,California veteran service orgs,P2B,CA,CalVet,State directory,,,,★★,,,New,,0,,,Veteran,partners@freedompawsinc.com,veteran,
Veteran Service Dog Orgs,49,Tennessee Dept Veterans Services,P2B,TN,https://www.tn.gov/veteran,State partnership,,,,★★★,,,New,,0,,,Veteran,partners@freedompawsinc.com,veteran,
Veteran Service Dog Orgs,50,Freedom Paws veterans Framer page,P2B Internal,USA,freedompawsinc.com/veterans,partners@freedompawsinc.com,,,,★★★,Sponsored seat MOU,,New,,0,,,Veteran,partners@freedompawsinc.com,veteran,
Adoption Network TN Pilot,1,Memphis Animal Services (LIVE),B2B Municipal,TN Shelby,https://memphisanimalservices.com,https://shelter.freedompawsinc.com/partner,901-636-1416 (main),901-636-1416,@memphisanimalservices,★★★,FP slug memphis-animal-services; listings live; M1 municipal,5,New,,0,,Phase 0: review outbox draft — do not send until Approved=YES + activation,Adoption,shelter@freedompawsinc.com,adoption,
Adoption Network TN Pilot,2,Metro Animal Care and Control Nashville (LIVE),B2B Municipal,TN Davidson,https://www.nashville.gov/departments/health/animal-care-and-control,https://shelter.freedompawsinc.com/partner,615-862-7928,615-862-7928,@nashmetroac,★★★,FP slug metro-animal-care-control; M2 municipal,5,New,,0,,Phase 0: review outbox draft — do not send until Approved=YES + activation,Adoption,shelter@freedompawsinc.com,adoption,
Adoption Network TN Pilot,3,Young-Williams Animal Center (LIVE),B2B Municipal,TN Knox,https://www.young-williams.org,https://shelter.freedompawsinc.com/partner,865-215-6599,865-215-6599,@youngwilliams,★★★,FP slug young-williams-animal-center; M3 municipal,5,New,,0,,Phase 0: review outbox draft — do not send until Approved=YES + activation,Adoption,shelter@freedompawsinc.com,adoption,
Adoption Network TN Pilot,4,New Leash on Life Lebanon (LIVE),B2B Private,TN Wilson,https://www.newleashonline.org,https://shelter.freedompawsinc.com/partner,615-444-1144,615-444-1144,@newleashonlife,★★★,FP slug new-leash-on-life; P1 private; founder geography,5,New,,0,,Phase 0: review outbox draft — do not send until Approved=YES + activation,Adoption,shelter@freedompawsinc.com,adoption,
Adoption Network TN Pilot,5,Humane Society of Sumner County (LIVE),B2B Private,TN Sumner,https://www.sumnerhumane.org,https://shelter.freedompawsinc.com/partner,,,@sumnerhumane,★★★,FP slug humane-society-sumner-county; P2 Hendersonville,5,New,,0,,Phase 0: review outbox draft — do not send until Approved=YES + activation,Adoption,shelter@freedompawsinc.com,adoption,
Adoption Network TN Pilot,6,Safe Place for Animals Gallatin (LIVE),B2B Private,TN Sumner,https://safeplaceforanimals.com,https://shelter.freedompawsinc.com/partner,,,@safeplaceforanimals,★★★,FP slug safe-place-for-animals; P3 Gallatin,5,New,,0,,Phase 0: review outbox draft — do not send until Approved=YES + activation,Adoption,shelter@freedompawsinc.com,adoption,
Adoption Network TN Pilot,7,Freedom Paws public TN directory,P2B Internal,TN,https://app.freedompawsinc.com/adopt/tn,https://freedompawsinc.com/adopt,info@freedompawsinc.com,,,★★★,Canonical live inventory hub,,New,,0,,,Adoption,shelter@freedompawsinc.com,adoption,
Adoption Network TN Pilot,8,Williamson County Animal Center,B2B County,TN Williamson,https://www.williamsoncounty-tn.gov/animal-center,Partnership inquiry,,,,★★,Phase 2 county expansion,,New,,0,,,Adoption,shelter@freedompawsinc.com,adoption,
Adoption Network TN Pilot,9,Rutherford County Pet Adoption,B2B County,TN Rutherford,https://www.rutherfordcountytn.gov/pet-adoption,Partnership inquiry,,,,★★,Near Murfreesboro,,New,,0,,,Adoption,shelter@freedompawsinc.com,adoption,
Adoption Network TN Pilot,10,Robertson County Animal Control,B2B County,TN Robertson,https://www.robertsoncountytn.gov,County outreach,,,,★,Near Springfield,,New,,0,,,Adoption,shelter@freedompawsinc.com,adoption,
Adoption Network TN Pilot,11,Old Friends Senior Dog Sanctuary,B2B Private,TN Wilson,https://www.oldfriendsseniordogs.org,Partnership inquiry,,,@ofsds,★★,Senior specialty Mount Juliet — Phase 2,,New,,0,,,Adoption,shelter@freedompawsinc.com,adoption,
Adoption Network TN Pilot,12,Agape Animal Rescue Nashville,B2B Private,TN Davidson,https://www.agapeanimals.org,Partnership,,,,★★,Private Nashville rescue,,New,,0,,,Adoption,shelter@freedompawsinc.com,adoption,
Adoption Network TN Pilot,13,Proverbs 12:10 Animal Rescue,B2B Private,TN Nashville area,https://www.proverbs1210rescue.org,Partnership,,,,★★,No-kill Nashville metro,,New,,0,,,Adoption,shelter@freedompawsinc.com,adoption,
Adoption Network TN Pilot,14,Crossroads Campus Nashville,B2B Private,TN Davidson,https://www.crossroadscampus.org,Partnership,,,,★★,Youth + animals Nashville,,New,,0,,,Adoption,shelter@freedompawsinc.com,adoption,
Adoption Network TN Pilot,15,Petfinder TN shelter outreach,B2B Platform,TN,https://www.petfinder.com,List TN shelters for FP invite,,,,★★★,Bulk shelter discovery,,New,,0,,,Adoption,shelter@freedompawsinc.com,adoption,
Adoption Network TN Pilot,16,Adopt-a-Pet TN shelters,B2B Platform,TN,https://www.adoptapet.com,Partnership,,,,★★,Listing sync manual v1,,New,,0,,,Adoption,shelter@freedompawsinc.com,adoption,
Adoption Network TN Pilot,17,Lebanon Democrat (local press),P2B Media,TN Wilson,https://www.lebanondemocrat.com,Editorial pitch adoption network,,,,★★★,Local PR — Lebanon angle,,New,,0,,,Adoption,shelter@freedompawsinc.com,adoption,
Adoption Network TN Pilot,18,The Tennessean,P2B Media,TN Nashville,https://www.tennessean.com,News desk pitch,,,@tennessean,★★,Statewide press,,New,,0,,,Adoption,shelter@freedompawsinc.com,adoption,
Adoption Network TN Pilot,19,WBIR Knoxville,P2B Media,TN Knox,https://www.wbir.com,Community story,,,@wbir,★★,Young-Williams market,,New,,0,,,Adoption,shelter@freedompawsinc.com,adoption,
Adoption Network TN Pilot,20,Commercial Appeal Memphis,P2B Media,TN Shelby,https://www.commercialappeal.com,News pitch,,,,★★,MAS market,,New,,0,,,Adoption,shelter@freedompawsinc.com,adoption,
Adoption Network TN Pilot,21,WTVF NewsChannel 5 Nashville,P2B Media,TN Davidson,https://www.newschannel5.com,Feature pitch,,,,★★,MACC market,,New,,0,,,Adoption,shelter@freedompawsinc.com,adoption,
Adoption Network TN Pilot,22,WKRN Nashville,P2B Media,TN Davidson,https://www.wkrn.com,Community,,,,★,,,New,,0,,,Adoption,shelter@freedompawsinc.com,adoption,
Adoption Network TN Pilot,23,NewsChannel 5 Empty Shelters,B2B Event,TN,https://www.newschannel5.com,Event co-sponsor,,,,★★,Adoption day tie-in,,New,,0,,,Adoption,shelter@freedompawsinc.com,adoption,
Adoption Network TN Pilot,24,TN Dept Agriculture Animal Health,B2B State,TN,https://www.tn.gov/agriculture,State pilot letter,,,,★★,Municipal credibility,,New,,0,,,Adoption,shelter@freedompawsinc.com,adoption,
Adoption Network TN Pilot,25,Metro Nashville Parks events,P2B,TN Nashville,https://www.nashville.gov/parks,Adoption event permit,,,,★,Public adoption fairs,,New,,0,,,Adoption,shelter@freedompawsinc.com,adoption,
Media PR National,1,The Dodo,P2B Media,National,https://www.thedodo.com,Partnership / story pitch,,,@thedodo,★★★,Rescue viral; Fetch insurer overlap,,New,,0,,,Press,info@freedompawsinc.com,press,
Media PR National,2,Good Morning America Pets,P2B Media,National,https://www.goodmorningamerica.com,Pets segment pitch,,,@GMA,★,Long shot reunion story,,New,,0,,,Press,info@freedompawsinc.com,press,
Media PR National,3,Today Show Pet segment,P2B Media,National,https://www.today.com,Pets producer,,,@TODAYshow,★,,,New,,0,,,Press,info@freedompawsinc.com,press,
Media PR National,4,USA Today pets,P2B Media,National,https://www.usatoday.com,Pets editor,,,,★★,,,New,,0,,,Press,info@freedompawsinc.com,press,
Media PR National,5,People Magazine pets,P2B Media,National,https://people.com/pets,Editorial,,,@people,★★,Adoption + reunion human interest,,New,,0,,,Press,info@freedompawsinc.com,press,
Media PR National,6,Pet Business Magazine,B2B Trade,National,https://www.petbusiness.com,Advertise / contribute,,,,★★,B2B shelter tech angle,,New,,0,,,Press,info@freedompawsinc.com,press,
Media PR National,7,Animal Sheltering Magazine,B2B Trade,National,https://www.animalsheltering.org,Article pitch,,,@HumaneSociety,★★★,Shelter decision-makers read this,,New,,0,,,Press,info@freedompawsinc.com,press,
Media PR National,8,Best Friends Network blog,B2B,National,https://network.bestfriends.org,Guest post,,,,★★★,,,New,,0,,,Press,info@freedompawsinc.com,press,
Media PR National,9,Podcast — Can I Pet Your Dog,P2P,National,https://www.canipetyourdog.com,Sponsor / guest,,,,★★,,,New,,0,,,Press,info@freedompawsinc.com,press,
Media PR National,10,Podcast — Cog Dog Radio,P2P,National,https://cogdogradio.com,Guest,,,,★★,Training + wellness,,New,,0,,,Press,info@freedompawsinc.com,press,
Grants Foundations,1,Petco Love Innovation,Grants,National,https://petcolove.org/grants,Grant application,,,@petcolove,★★★,Adoption + ID pilot funding,,New,,0,,,Grants,info@freedompawsinc.com,grants,
Grants Foundations,2,Maddie's Fund Innovation,Grants,National,https://www.maddiesfund.org/grants,Grant application,,,@maddiesfund,★★★,Shelter software innovation,,New,,0,,,Grants,info@freedompawsinc.com,grants,
Grants Foundations,3,ASPCA Grants,Grants,National,https://www.aspca.org/grants,Application,,,@aspca,★★,,,New,,0,,,Grants,info@freedompawsinc.com,grants,
Grants Foundations,4,Banfield Foundation,Grants,National,https://www.banfieldfoundation.org/grants,Application,,,,★★,Preventive care alignment,,New,,0,,,Grants,info@freedompawsinc.com,grants,
Grants Foundations,5,AKC Humane Fund,Grants,National,https://www.akc.org/akc-humane-fund,Grant,,,,★,,,New,,0,,,Grants,info@freedompawsinc.com,grants,
Grants Foundations,6,Pedigree Foundation,Grants,National,https://www.pedigreefoundation.org,Grant,,,@pedigree,★★,Adoption events,,New,,0,,,Grants,info@freedompawsinc.com,grants,
Grants Foundations,7,Greater Good Charities,Grants,National,https://greatergood.org/grants,Application,,,,★★,,,New,,0,,,Grants,info@freedompawsinc.com,grants,
Grants Foundations,8,WaterShed Animal Fund,Grants,OK/National,https://www.watershedanimalfund.org,Grant,,,,★★,No-kill innovation,,New,,0,,,Grants,info@freedompawsinc.com,grants,
Grants Foundations,9,Tennessee Community Foundation,Grants,TN,https://www.cfgtn.org,Local grant,,,,★★,TN-specific,,New,,0,,,Grants,info@freedompawsinc.com,grants,
Grants Foundations,10,Community Foundation Middle TN,Grants,TN Nashville,https://www.cfmt.org,Grant inquiry,,,,★★★,Nashville metro,,New,,0,,,Grants,info@freedompawsinc.com,grants,
Public Influencers,1,Instagram #adoptdontshop TN,P2P Social,TN,Instagram,Hashtag outreach,,,,★★★,Micro-influencer DM batch,,New,,0,,,Press,info@freedompawsinc.com,press,
Public Influencers,2,Instagram #dogsofnashville,P2P Social,TN Nashville,Instagram,Local creators,,,,★★★,,,New,,0,,,Press,info@freedompawsinc.com,press,
Public Influencers,3,Instagram #memphisdogs,P2P Social,TN Memphis,Instagram,Local creators,,,,★★,,,New,,0,,,Press,info@freedompawsinc.com,press,
Public Influencers,4,Instagram #knoxvilledogs,P2P Social,TN Knoxville,Instagram,Local creators,,,,★★,,,New,,0,,,Press,info@freedompawsinc.com,press,
Public Influencers,5,TikTok dog rescue creators,P2P Social,National,TikTok,Creator affiliate 10 targets,,,,★★★,Listing spotlight videos,,New,,0,,,Press,info@freedompawsinc.com,press,
Public Influencers,6,YouTube dog adoption channels,P2P,National,YouTube,Collab,,,,★★,,,New,,0,,,Press,info@freedompawsinc.com,press,
Public Influencers,7,Facebook Senior Dog Lovers,P2P,USA,Facebook,Group admin outreach,,,,★★★,ViT + calm protocol,,New,,0,,,Press,info@freedompawsinc.com,press,
Public Influencers,8,Facebook TN Dog Adoption,P2P,TN,Facebook,Group posts,,,,★★★,Direct /adopt/tn links,,New,,0,,,Press,info@freedompawsinc.com,press,
Public Influencers,9,Reddit r/Tennessee,P2P,TN,Reddit,Community post rules,,,,★★,Adoption directory announce,,New,,0,,,Press,info@freedompawsinc.com,press,
Public Influencers,10,Reddit r/dogs,P2P,National,Reddit,Helpful ViT comments only,,,,★,No spam,,New,,0,,,Press,info@freedompawsinc.com,press,
Public Influencers,11,Nextdoor Lebanon TN,P2P,TN Wilson,Nextdoor,Neighborhood post,,,,★★★,Hyperlocal,,New,,0,,,Press,info@freedompawsinc.com,press,
Public Influencers,12,Nextdoor Nashville,P2P,TN Davidson,Nextdoor,Neighborhood,,,,★★,,,New,,0,,,Press,info@freedompawsinc.com,press,
Holistic Retail Local,1,The Dog Store Nashville,P2B Local,TN Nashville,Google Maps,QR card partnership,,,,★★,ViT + adopt QR,,New,,0,,,Retail,info@freedompawsinc.com,retail,
Holistic Retail Local,2,Hollywood Feed (TN locations),P2B Local,TN Multi,https://www.hollywoodfeed.com,Regional partnership,,,@hollywoodfeed,★★,Whole-food retail chain TN,,New,,0,,,Retail,info@freedompawsinc.com,retail,
Holistic Retail Local,3,Pet Wants Nashville,P2B Local,TN Nashville,https://www.petwants.com,Franchise outreach,,,,★★,Fresh food delivery,,New,,0,,,Retail,info@freedompawsinc.com,retail,
Holistic Retail Local,4,Natural Pawz (if TN),P2B Local,TN,Google Maps,Local stores,,,,★,Natural retail,,New,,0,,,Retail,info@freedompawsinc.com,retail,
Holistic Retail Local,5,Lebanon TN pet stores,P2B Local,TN Wilson,Google Maps,5 store walk-ins,,,,★★★,Founder local,,New,,0,,,Retail,info@freedompawsinc.com,retail,
Holistic Retail Local,6,Hendersonville pet stores,P2B Local,TN Sumner,Google Maps,5 store walk-ins,,,,★★,HSSC corridor,,New,,0,,,Retail,info@freedompawsinc.com,retail,
Holistic Retail Local,7,Gallatin pet stores,P2B Local,TN Sumner,Google Maps,5 store walk-ins,,,,★★,SPA corridor,,New,,0,,,Retail,info@freedompawsinc.com,retail,
Holistic Retail Local,8,Groomers Lebanon TN,P2B Local,TN Wilson,Google Maps,10 groomers QR,,,,★★,High dog traffic,,New,,0,,,Retail,info@freedompawsinc.com,retail,
Holistic Retail Local,9,Dog trainers Middle TN,P2B Local,TN,Google Maps,Trainer referral network,,,,★★,Wellness cross-sell,,New,,0,,,Retail,info@freedompawsinc.com,retail,
Holistic Retail Local,10,Vet clinics integrative TN,P2B Local,TN,AHVMA + Maps,10 clinic QR cards,,,,★★★,ViT waiting room,,New,,0,,,Retail,info@freedompawsinc.com,retail,
Freedom Paws ID,1,AAHA microchip lookup API,B2B Reference,National,https://www.aaha.org,Track 2 reference,,,,★,Chip lookup future,,New,,0,,,Internal,info@freedompawsinc.com,internal,
Freedom Paws ID,2,HomeAgain microchip,B2B Reference,National,https://www.homeagain.com,Not competitor pitch,,,,★,Reference only,,New,,0,,,Internal,info@freedompawsinc.com,internal,
Freedom Paws ID,3,24Petwatch,B2B Reference,National,https://www.24petwatch.com,Reference,,,,★,,,New,,0,,,Internal,info@freedompawsinc.com,internal,
Freedom Paws ID,4,Found Animals microchip,B2B Reference,National,https://www.foundanimals.org,Reference,,,,★,,,New,,0,,,Internal,info@freedompawsinc.com,internal,
Freedom Paws ID,5,Supabase Freedom-Paws-ID project,B2B Internal,Cloud,https://supabase.com/dashboard,Admin console,,,,★★★,Database ops,,New,,0,,,Internal,info@freedompawsinc.com,internal,
XRPL Crypto Community,1,Xaman wallet community,P2P,Global,https://xumm.app,Community posts,,,,★★,Token shop niche,,New,,0,,,General,info@freedompawsinc.com,general,
XRPL Crypto Community,2,XRPL Developers Discord,P2P,Global,Discord,XRPL grants,,,,★,Ecosystem grants,,New,,0,,,General,info@freedompawsinc.com,general,
XRPL Crypto Community,3,Ripple community grants,B2B,Global,https://ripple.com,Grants inquiry,,,,★,,,New,,0,,,General,info@freedompawsinc.com,general,
Internal Operations,1,Freedom Paws partners inbox,B2B Internal,USA,,partners@freedompawsinc.com,,,,★★★,Affiliate + insurance,,New,,0,,,Internal,info@freedompawsinc.com,internal,
Internal Operations,2,Freedom Paws shelter inbox,B2B Internal,USA,,shelter@freedompawsinc.com,,,,★★★,Shelter + municipal,,New,,0,,,Internal,info@freedompawsinc.com,internal,
Internal Operations,3,Freedom Paws general,B2B Internal,USA,,info@freedompawsinc.com,,,,★★★,Public + grants,,New,,0,,,Internal,info@freedompawsinc.com,internal,
Internal Operations,4,Freedom Paws notifications,Transactional,USA,,notifications@freedompawsinc.com,,,,★★★,Resend automated sends,,New,,0,,,Internal,info@freedompawsinc.com,internal,
Internal Operations,5,Vercel deployment,B2B Internal,Cloud,https://vercel.com,Deploy dashboard,,,,★★★,app + shelter host,,New,,0,,,Internal,info@freedompawsinc.com,internal,
Internal Operations,6,Resend email API,B2B Internal,Cloud,https://resend.com,Dashboard,,,,★★★,Sequence automation,,New,,0,,,Internal,info@freedompawsinc.com,internal,
Internal Operations,7,Impact.com publisher,B2B Internal,USA,https://impact.com,Affiliate hub,,,,★★★,Insurance apply,,New,,0,,,Internal,info@freedompawsinc.com,internal,
Internal Operations,8,HubSpot Free CRM,B2B Internal,USA,https://hubspot.com,CRM pipeline,,,,★★★,Contact sync,,New,,0,,,Internal,info@freedompawsinc.com,internal,
Internal Operations,9,n8n automation,B2B Internal,Cloud,https://n8n.io,Workflow host,,,,★★★,95% automation spine,,New,,0,,,Internal,info@freedompawsinc.com,internal,
Internal Operations,10,Google Sheets Master CRM,B2B Internal,Cloud,sheets.google.com,Import master CSV,,,,★★★,Source of truth,,New,,0,,,Internal,info@freedompawsinc.com,internal,
