Category,Rank,Organization,Contact_Model,Region,Website,Partnership_Or_Apply_URL,Public_Email,Public_Phone,Social_Primary,Priority,Outreach_Notes
Pet Insurance,1,Embrace Pet Insurance,B2B Affiliate,National USA,https://www.embracepetinsurance.com,https://app.impact.com/ (search Embrace),press@embracepetinsurance.com,800-511-9172,@embracepetinsurance,★★★,Apply via Impact; ~$36/lead; holistic-friendly positioning
Pet Insurance,2,Pets Best Insurance,B2B Affiliate,National USA,https://www.petsbest.com,https://www.petsbest.com/forms/affiliates,,888-217-2731,@petsbest,★★★,Affiliate form + API for apps; benefits@petsbest.com for B2B2C
Pet Insurance,3,Spot Pet Insurance,B2B Affiliate,National USA,https://www.spotpetinsurance.com,https://www.spotpetinsurance.com/affiliate-program,,,@spotpetins,★★★,Digital-first; request tracked deep links
Pet Insurance,4,Fetch by The Dodo (Petplan),B2B Affiliate,National USA,https://www.fetchpet.com,https://www.fetchpet.com/affiliates (verify),,,@fetchpet,★★★,Impact/CJ; lost-pet messaging
Pet Insurance,5,Lemonade Pet,B2B Affiliate,National USA,https://www.lemonade.com/pet,https://www.lemonade.com/partners,,,@lemonade_inc,★★,Tech brand; partner program page
Pet Insurance,6,Figo Pet Insurance,B2B Affiliate,National USA,https://figopetinsurance.com,https://figopetinsurance.com/affiliate,,,@figopetinsurance,★★,App-native audience fit
Pet Insurance,7,ASPCA Pet Health Insurance,B2B Affiliate,National USA,https://www.aspcapetinsurance.com,https://www.aspcapetinsurance.com/affiliates,,877-738-7237,@aspca,★★,Mission overlap — verify give-back alignment
Pet Insurance,8,MetLife Pet Insurance,B2B Affiliate,National USA,https://www.metlifepetinsurance.com,https://www.metlifepetinsurance.com/partners,,,@metlife,★★,Employer channel potential
Pet Insurance,9,Nationwide Pet Insurance,B2B Affiliate,National USA,https://www.petinsurance.com,https://www.petinsurance.com/affiliate,,877-738-7874,@nationwide,★★,Whole Pet plan; vet network
Pet Insurance,10,Trupanion,B2B Vet Channel,National USA,https://trupanion.com,https://trupanion.com/veterinary (vet direct),,888-626-0932,@trupanion,★,Less affiliate-open; vet-first model
Pet Insurance,11,Pumpkin Pet Insurance,B2B Affiliate,National USA,https://www.pumpkin.care,https://www.pumpkin.care/partners (verify),,,@pumpkin,★★,Growth brand
Pet Insurance,12,ManyPets (US),B2B Affiliate,National USA,https://manypets.com/us,https://manypets.com/us/partners (verify),,,@manypets,★★,Formerly Bought By Many
Pet Insurance,13,Odie Pet Insurance,B2B Affiliate,National USA,https://getodie.com,https://getodie.com/affiliates (verify),,,@getodie,★,SMB insurer
Pet Insurance,14,Wagmo,B2B Affiliate,National USA,https://www.wagmo.io,https://www.wagmo.io/partners (verify),,,@wagmo,★★,Wellness + insurance bundle angle
Pet Insurance,15,Pet Assure (discount plan),B2B Affiliate,National USA,https://www.petassure.com,https://www.petassure.com/affiliate,,888-789-7387,@petassure,★,Not full insurance — discount vet
Pet Insurance,16,United Pet Care,B2B Affiliate,National USA,https://www.unitedpetcare.com,https://www.unitedpetcare.com/affiliate (verify),,,,★,Discount membership
Pet Insurance,17,Eusoh (community health),B2B Partner,National USA,https://www.eusoh.com,https://www.eusoh.com/partners (verify),,,@eusoh,★,Alternative model — mission review
Pet Insurance,18,Pawlicy Advisor,B2B API Partner,National USA,https://www.pawlicy.com,https://www.pawlicy.com/partnerships,,,@pawlicy,★★,Comparison embed partner
Pet Insurance,19,Impact.com (network),B2B Platform,National USA,https://impact.com,https://impact.com/partnerships,,,,★★★,Hub for Embrace Fetch Lemonade
Pet Insurance,20,CJ Affiliate (network),B2B Platform,National USA,https://www.cj.com,https://www.cj.com/advertiser-partners,,,,★★,Pet insurance merchants
Pet Insurance,21,ShareASale / Awin,B2B Platform,National USA,https://www.awin.com,https://www.awin.com/us/join,,,,★★,Honest Kitchen Open Farm brands
Pet Insurance,22,FlexOffers (network),B2B Platform,National USA,https://www.flexoffers.com,https://www.flexoffers.com/affiliate-programs,,,,★★,Embrace and pet vertical
Pet Insurance,23,Partnerize,B2B Platform,National USA,https://partnerize.com,https://partnerize.com/get-started,,,,★,Enterprise affiliates
Pet Insurance,24,Rakuten Advertising,B2B Platform,National USA,https://rakutenadvertising.com,https://rakutenadvertising.com/publishers,,,,★,Select pet brands
Pet Insurance,25,Pet Insurance Review (media),P2B Content,National USA,https://www.petinsurancereview.com,Contact via site form,,,,★,Content partnership / guest post
Pet Insurance,26,Consumer Affairs Pet Insurance,P2B Content,National USA,https://www.consumeraffairs.com/pets/pet-insurance,,,,,★,Comparison content
Pet Insurance,27,Forbes Advisor Pet Insurance,P2B Media,National USA,https://www.forbes.com/advisor/pet-insurance,,,,,★,High authority — slow
Pet Insurance,28,NerdWallet Pet Insurance,P2B Media,National USA,https://www.nerdwallet.com/insurance/pet,,,,,★,Educational backlinks
Pet Insurance,29,Employer Benefits brokers (Mercer zone),B2B2C,National USA,https://www.mercer.com,Regional broker outreach,,,,★,Pets Best MetLife channel
Pet Insurance,30,HR platform Gusto marketplace,B2B2C,National USA,https://gusto.com,https://gusto.com/product/partners,,,,★,Future B2B2C listing
Pet Insurance,31,Benefitfocus,B2B2C,National USA,https://www.benefitfocus.com,Partner inquiry form,,,,★,Employee pet benefit
Pet Insurance,32,Veterinary hospital groups (VCA),B2B,National USA,https://vcahospitals.com,Corporate partnerships page,,,,★,Referral not primary affiliate
Pet Insurance,33,Banfield Pet Hospital,B2B,National USA,https://www.banfield.com,Wellness plan partnership inquiry,,,,★,Wellness plan overlap — careful
Pet Insurance,34,Petco Insurance offerings,B2B Retail,National USA,https://www.petco.com,https://corporate.petco.com,,,,★,Retail distribution
Pet Insurance,35,Chewy Care Plus,B2B,National USA,https://www.chewy.com,https://www.chewy.com/app/content/partners,,,,★,Competitor — learn model
Pet Insurance,36,Wag Group insurance bundle,B2B,National USA,https://wagwalking.com,Corporate contact form,,,,★,Bundle model reference
Pet Insurance,37,State Farm pet riders (agents),P2B Local,USA agents,https://www.statefarm.com,Local agent outreach,,,,★,Local co-marketing events
Pet Insurance,38,USAA pet insurance (where offered),B2B2C,Military USA,https://www.usaa.com,Partnership inquiry,,,,★★,Veteran channel alignment
Pet Insurance,39,AFLAC pet (if applicable),B2B2C,National USA,https://www.aflac.com,Broker channel,,,,★,Supplemental
Pet Insurance,40,Liberty Mutual pet,Affiliate via agents,P2B,National USA,https://www.libertymutual.com,Agent locator,,,,★,Local events
Pet Insurance,41,Progressive Pet (compare),P2B,National USA,https://www.progressive.com,,,,,★,Aggregator comparisons
Pet Insurance,42,Policygenius pet vertical,P2B,National USA,https://www.policygenius.com,https://www.policygenius.com/about,,,,★,Embed partner
Pet Insurance,43,Insurify pet,P2B,National USA,https://www.insurify.com,Partnerships page,,,,★,Quote widget
Pet Insurance,44,QuoteWizard pet,P2B,National USA,https://www.quotewizard.com,,,,,★,Lead gen — vet quality
Pet Insurance,45,Pet insurance Facebook groups,P2P Community,USA,Facebook,Group admin DM,,,,★★,Organic education posts
Pet Insurance,46,Reddit r/petinsurance,P2P Community,USA,reddit.com/r/petinsurance,Community guidelines,,,,★,Helpful not spam
Pet Insurance,47,Dog mom influencers (micro),P2P Social,USA,Instagram,DM + affiliate offer,,,,★★★,ViT + insurance story
Pet Insurance,48,Pet bloggers network,P2P Content,USA,https://www.blogpaws.com,Conference sponsorship,,,,★★,Conference $500-2K
Pet Insurance,49,Podcast — Petaverse / Pet Lover Geek,P2P Media,USA,Podcast contact form,Sponsorship,,,,★,$200-1K episode
Pet Insurance,50,Freedom Paws founder network,P2P,Warm,Internal,info@freedompawsinc.com,,,,★★★,Vet clinics TN/CA first

Holistic Telehealth,1,Vetster,B2B + Affiliate,USA/CA,https://www.vetster.com,https://www.vetster.com/en-us/affiliates,support@vetster.com,844-461-9012,@vetster,★★★,Filter integrative vets; employer + affiliate paths
Holistic Telehealth,2,AirVet,B2B Partner,USA,https://www.airvet.com,https://www.airvet.com/partners,sales@airvet.com,,@airvet,★★★,sales@airvet.com for BD
Holistic Telehealth,3,Pawp,B2B Subscription,USA,https://www.pawp.com,https://www.pawp.com/partners (verify),,,@pawp,★★,24/7 model — verify holistic fit
Holistic Telehealth,4,Dutch (telehealth),B2B,USA,https://www.dutch.com,Contact via site,,,@dutch,★★,Rx-forward — screen carefully
Holistic Telehealth,5,FirstVet,B2B,USA/EU,https://firstvet.com,https://firstvet.com/us/business,,,@firstvet,★,Employer benefits
Holistic Telehealth,6,GuardianVets,B2B,USA,https://guardianvets.com,Partnership inquiry,,,,★,After-hours triage
Holistic Telehealth,7,TeleVet,B2B,USA,https://www.televet.com,https://www.televet.com/partner-with-televet,,,@televet,★,Clinic platform
Holistic Telehealth,8,AskVet,B2B,USA,https://www.askvet.app,Corporate form,,,,★,App embed
Holistic Telehealth,9,Chewy Connect with a Vet,B2B Reference,USA,https://www.chewy.com,Learn model only,,,,★,Not partner — benchmark
Holistic Telehealth,10,AHVMA (Holistic VMA),B2B Directory,USA,https://www.ahvma.org,https://www.ahvma.org/find-a-holistic-vet,,,@ahvma,★★★,Conference sponsor; member referrals
Holistic Telehealth,11,AVMA Telehealth resources,B2B Reference,USA,https://www.avma.org,Telehealth guidelines,,,@avma,★,Credibility cite only
Holistic Telehealth,12,IVC Evidensia telehealth,B2B,USA,https://www.ivcevidensia.com,Corporate,,,,★,Corporate vet groups
Holistic Telehealth,13,Bond Vet telehealth,B2B,USA Northeast,https://www.bondvet.com,Partnerships,,,@bondvet,★,Urban clinics
Holistic Telehealth,14,Modern Animal,B2B,USA,https://www.modernanimal.com,Partnerships,,,@modernanimal,★,Membership vet
Holistic Telehealth,15,Thrive Pet Healthcare,B2B,USA,https://www.thrivepetcare.com,Corporate,,,,★,Multi-state
Holistic Telehealth,16,VetInsight,B2B,USA,https://www.vetinsight.com,Partner form,,,,★,Triage AI + vets
Holistic Telehealth,17,WhiskerDocs,B2B,USA,https://www.whiskerdocs.com,Employer benefits,,,,★,24/7 advice
Holistic Telehealth,18,PetDesk,B2B Platform,USA,https://www.petdesk.com,https://www.petdesk.com/partners,,,@petdesk,★★,Pets Best API integrator
Holistic Telehealth,19,Vetster for Employers,B2B2C,USA,https://www.vetster.com/en-us/for-employers,Employer inquiry form,support@vetster.com,,,★★★,Veteran employer channel
Holistic Telehealth,20,Integrative vet — Dr. Judy Morgan,P2B Influencer,USA,https://drjudymorgan.com,Speaking / affiliate,,,@drjudymorgan,★★,Holistic thought leader
Holistic Telehealth,21,Holistic Vet Blend (practice),P2B,USA,Local search,Direct practice outreach,,,,★★,Regional CA/TN
Holistic Telehealth,22,Holistic Animal Studies,B2B Education,USA,https://www.holisticanimalstudies.org,Partnership,,,,★,Education co-brand
Holistic Telehealth,23,Chi Institute (TCVM),B2B Education,USA,https://www.tcvm.com,Conference,,,,★,Traditional Chinese vet med
Holistic Telehealth,24,American Holistic Veterinary Medical Foundation,B2B Nonprofit,USA,https://www.ahvmf.org,Donation/partnership,,,,★,Mission alignment
Holistic Telehealth,25,Holistic Hound (brand+education),P2B,USA,https://www.holistichound.com,Wholesale/affiliate,,,,★,CBD/natural — legal review
Holistic Telehealth,26,Vet Naturals,B2B Brand,USA,https://vetnaturals.com,Affiliate,,,,★,Supplement telehealth cross-sell
Holistic Telehealth,27,Holistic Vet Telehealth (generic),P2B,USA,Google Maps,Search integrative DVM telehealth CA TN,,,,★★★,10 practices direct
Holistic Telehealth,28,VIN (Veterinary Information Network),B2B Professional,USA,https://www.vin.com,Advertising,,,,★,Professional ads costly
Holistic Telehealth,29,DVM360 media,B2B Media,USA,https://www.dvm360.com,https://www.dvm360.com/advertise,,,,★,Sponsored content $1K+
Holistic Telehealth,30,Today's Veterinary Business,B2B Media,USA,https://www.tvbmagazine.com,Media kit,,,,★,B2B awareness
Holistic Telehealth,31,Fetch dvm360 conference,B2B Event,USA,Conference,Exhibitor booth,,,,★,Booth $2K-10K
Holistic Telehealth,32,VMX (Vet Meeting Expo),B2B Event,USA,https://navc.com/vmx,Sponsorship,,,,★,Major vet conference
Holistic Telehealth,33,WVC conference,B2B Event,USA,https://wvc.org,Sponsorship,,,,★,Regional
Holistic Telehealth,34,Telehealth Facebook groups,P2P,USA,Facebook,Admin outreach,,,,★,Pet health groups
Holistic Telehealth,35,Holistic dog Facebook groups,P2P,USA,Facebook,Senior dogs natural care,,,,★★★,Mission fit
Holistic Telehealth,36,Instagram holistic vets,P2P Social,USA,Instagram,#holisticvet hashtag,,,,★★★,DM 20 accounts
Holistic Telehealth,37,YouTube holistic pet channels,P2P,USA,YouTube,Creator affiliate,,,,★★,ViT demo collab
Holistic Telehealth,38,TikTok pet wellness creators,P2P,USA,TikTok,Micro-influencer,,,,★★,Low CAC tests
Holistic Telehealth,39,Podcast — Holistic Pet Radio,P2P,USA,Podcast,Sponsor,,,,★,$150-500
Holistic Telehealth,40,Rescue org vet partners,P2B,USA,Shelter partners,Shelter vet roster,,,,★★,Warm intro via shelter
Holistic Telehealth,41,Pet store holistic sections,P2B Local,USA,Independent pet stores,Store partnership,,,,★★,QR ViT cards
Holistic Telehealth,42,Natural pet expo events,P2B Event,USA,https://www.globalpetexpo.org,Exhibitor,,,,★★,Booth $3K+
Holistic Telehealth,43,SuperZoo trade show,B2B Event,USA,https://www.superzoo.org,Exhibitor,,,,★,Retail connections
Holistic Telehealth,44,Zoom Room / dog training,P2B,USA,Franchise,Local partnership,,,,★,Wellness referrals
Holistic Telehealth,45,Petco Veterinary Services,B2B Reference,USA,https://www.petco.com,Vetco,,,,★,Benchmark only
Holistic Telehealth,46,VetIQ clinics,B2B,USA,https://www.vetiqpetcare.com,Corporate,,,,★,Walk-in model
Holistic Telehealth,47,Local mobile holistic vets,P2B,CA/TN,Google,Direct call,,,,★★★,House call niche
Holistic Telehealth,48,Veterinary telehealth lawyers (VCPR),B2B Legal,USA,Counsel,Compliance review,,,,★★,Required before scale
Holistic Telehealth,49,Freedom Paws ViT funnel,P2B Internal,USA,app.freedompawsinc.com,/wellness/partners/telehealth,partners@freedompawsinc.com,,,,★★★,Attach standards PDF
Holistic Telehealth,50,LinkedIn Sales Navigator trial,P2B Tool,USA,linkedin.com,Target integrative DVM titles,,,,★★,$80/mo 1 month

Whole Food Nutrition,1,The Honest Kitchen,B2B Affiliate,USA,https://www.thehonestkitchen.com,https://www.thehonestkitchen.com/pages/partner-with-us,influencer@thehonestkitchen.com,866-437-9729,@thehonestkitchen,★★★,Gut Balance protocol; Impact/ShareASale
Whole Food Nutrition,2,Open Farm,B2B Affiliate,USA,https://openfarmpet.com,https://openfarmpet.com/pages/affiliates,,,@openfarmpet,★★★,Ethical sourcing; allergy protocol
Whole Food Nutrition,3,Stella & Chewy's,B2B Affiliate,USA,https://www.stellaandchewys.com,https://www.stellaandchewys.com/affiliate (verify),,,@stellaandchewys,★★★,Raw/freeze-dried — disclose handling
Whole Food Nutrition,4,Nom Nom,B2B Partner,USA,https://www.nomnomnow.com,https://www.nomnomnow.com/partners,,,@nomnom,★★,Fresh food subscription
Whole Food Nutrition,5,The Farmer's Dog,B2B,USA,https://www.thefarmersdog.com,Partnership inquiry,,,@thefarmersdog,★★,Fresh food — competitor learn
Whole Food Nutrition,6,Ollie,B2B,USA,https://www.myollie.com,Affiliate program,,,@myollie,★★,Fresh subscription
Whole Food Nutrition,7,JustFoodForDogs,B2B,USA,https://www.justfoodfordogs.com,https://www.justfoodfordogs.com/affiliate,,,@justfoodfordogs,★★,Kitchen-visible food
Whole Food Nutrition,8,Raised Right,B2B,USA,https://www.raisedrightpets.com,Affiliate,,,@raisedrightpets,★★,Limited ingredient
Whole Food Nutrition,9,Answers Pet Food,B2B,USA,https://answerspetfood.com,Dealer/affiliate,,,,★★,Holistic community
Whole Food Nutrition,10,Primal Pet Foods,B2B,USA,https://primalpetfoods.com,https://primalpetfoods.com/where-to-buy,,,@primalpetfoods,★★,Raw nutrition
Whole Food Nutrition,11,Instinct Pet Food,B2B,USA,https://www.instinctpetfood.com,Brand partnerships,,,@instinctpetfood,★,Raw + kibble
Whole Food Nutrition,12,Wellness Pet Company,B2B,USA,https://www.wellnesspetfood.com,https://www.wellnesspetfood.com/contact-us,,,@wellnesspetfood,★,CORE natural lines only
Whole Food Nutrition,13,Canidae,B2B,USA,https://canidae.com,Partner form,,,@canidae,★,Clean protein
Whole Food Nutrition,14,Native Pet,B2B Affiliate,USA,https://nativepet.com,https://nativepet.com/pages/affiliates,,,@nativepet,★★★,Max Movement / gut supplements
Whole Food Nutrition,15,Fera Pets,B2B,USA,https://ferapets.com,Affiliate,,,@ferapets,★★,Whole-food supplements
Whole Food Nutrition,16,Dr. Harvey's,B2B,USA,https://www.drharveys.com,Wholesale,,,@drharvey,★★,Holistic base mixes
Whole Food Nutrition,17,Sojos,B2B,USA,https://www.sojos.com,Dealer,,,,★,Freeze-dried
Whole Food Nutrition,18,The Real Meat Company,B2B,USA,https://realmeatpet.com,Distributor,,,,★,Treats/food
Whole Food Nutrition,19,Smallbatch Pets,B2B,USA,https://smallbatchpets.com,Dealer,,,@smallbatchpets,★★,West coast raw
Whole Food Nutrition,20,Steve's Real Food,B2B,USA,https://www.stevesrealfood.com,Dealer,,,,★,Raw
Whole Food Nutrition,21,Green Juju,B2B,USA,https://greenjuju.com,Wholesale,,,@greenjuju,★★,Bone broth / toppers
Whole Food Nutrition,22,Brutus Bone Broth,B2B,USA,https://brutusbroth.com,Affiliate,,,@brutusbroth,★,Gut support
Whole Food Nutrition,23,Super Snouts Hemp Co,B2B,USA,https://www.supersnouts.com,Wholesale,,,,★,CBD — state legal review
Whole Food Nutrition,24,Charlotte's Web (pet),B2B,USA,https://www.charlottesweb.com,Affiliate,,,,★,CBD compliance
Whole Food Nutrition,25,iHerb Pet supplements,B2B Affiliate,Global,https://www.iherb.com,https://www.iherb.com/info/affiliate,,,,★★,Holistic SKU whitelist
Whole Food Nutrition,26,Thrive Market pet,B2B Affiliate,USA,https://thrivemarket.com,Affiliate program,,,,★,Natural marketplace
Whole Food Nutrition,27,Chewy affiliate (curated),B2B Affiliate,USA,https://www.chewy.com,https://partners.chewy.com,,,,★,SKU whitelist only
Whole Food Nutrition,28,Amazon Associates pet,B2B Affiliate,USA,https://affiliate-program.amazon.com,Apply,,,,★,Last resort whitelist
Whole Food Nutrition,29,Petflow affiliate,B2B,USA,https://www.petflow.com,Affiliate,,,,★,Natural brands
Whole Food Nutrition,30,Only Natural Pet,B2B,USA,https://www.onlynaturalpet.com,Affiliate,,,@onlynaturalpet,★★,Natural positioning
Whole Food Nutrition,31,Pet Food Express (regional),P2B Retail,CA,https://www.petfoodexpress.com,Store events,,,,★★,Future expansion events
Whole Food Nutrition,32,Hollywood Feed,P2B Retail,SE USA,https://www.hollywoodfeed.com,Events TN,,,,★★,TN alignment
Whole Food Nutrition,33,Natural Pawz,P2B Retail,TX+,https://www.naturalpawz.com,Local,,,,★,Regional
Whole Food Nutrition,34,Whole Foods pet section,P2B Retail,USA,Local stores,Demos,,,,★,Demo costs $200+
Whole Food Nutrition,35,Sprouts Farmers Market pet,P2B Retail,USA,Local,Demos,,,,★,Natural shoppers
Whole Food Nutrition,36,Independent natural pet stores,P2B Local,USA,Google Maps,50 store QR campaign,,,,★★★,ViT + protocol cards
Whole Food Nutrition,37,Holistic pet nutritionists,P2P,USA,Instagram,Consultant affiliate,,,,★★,Referral fee
Whole Food Nutrition,38,Canine nutrition courses,P2B Education,USA,Online schools,Guest lecture,,,,★,Authority
Whole Food Nutrition,39,Raw Feeding Community,P2P Facebook,USA,Facebook,Group education,,,,★★,Gut Balance fit
Whole Food Nutrition,40,Homemade dog food bloggers,P2P,USA,Blogs,Guest post + affiliate,,,,★★,SEO
Whole Food Nutrition,41,YouTube raw feeders,P2P,USA,YouTube,Creator kit,,,,★★,Demo ViT
Whole Food Nutrition,42,Podcast — Raw Dog Food and Company,P2P,USA,Podcast,Sponsor,,,,★,
Whole Food Nutrition,43,Pet nutrition subreddit,P2P,USA,reddit.com/r/dogs,Helpful posts,,,,★,
Whole Food Nutrition,44,Veterinary nutritionists (diplomates),B2B,USA,ACVN directory,Advisory board,,,,★,Credibility not affiliate
Whole Food Nutrition,45,Balance IT (vet formulated),B2B,USA,https://balanceit.com,Vet channel,,,,★,Home-cooked
Whole Food Nutrition,46,JustFoodForDogs vet line,B2B,USA,Clinic program,Clinic affiliate,,,,★,
Whole Food Nutrition,47,Sundays for Dogs,B2B,USA,https://sundaysfordogs.com,Affiliate,,,,★,Air-dried
Whole Food Nutrition,48,We Feed Raw,B2B,USA,https://wefeedraw.com,Affiliate,,,,★,Raw delivery
Whole Food Nutrition,49,Maev,B2B,USA,https://www.meetmaev.com,Partnerships,,,,★,Fresh frozen
Whole Food Nutrition,50,Freedom Paws protocol shop,P2B Internal,USA,app.freedompawsinc.com/token-shop,Protocol affiliate links per slug,,,,★★★,Link from /protocols/[slug]

Non-Toxic Chews Toys,1,West Paw,B2B Affiliate,USA,https://www.westpaw.com,https://www.westpaw.com/pages/affiliates,,,@westpaw,★★★,Zogoflex USA made
Non-Toxic Chews Toys,2,Planet Dog,B2B,USA,https://www.planetdog.com,Wholesale/affiliate,,,@planetdog,★★★,Orbee-Tuff
Non-Toxic Chews Toys,3,Kong Company,B2B,USA,https://www.kongcompany.com,https://www.kongcompany.com/affiliate,,,@kongcompany,★★,Classic enrichment
Non-Toxic Chews Toys,4,Chuckit! (PetSafe),B2B,USA,https://www.chuckit.com,Brand parent outreach,,,@chuckit,★★,Outdoor play
Non-Toxic Chews Toys,5,Benebone,B2B Affiliate,USA,https://www.benebone.com,Affiliate program,,,@benebone,★★,Nylon chews — allergy note
Non-Toxic Chews Toys,6,Goughnuts,B2B,USA,https://www.goughnuts.com,Dealer,,,@goughnuts,★★,Safety ring design
Non-Toxic Chews Toys,7,Ruffwear,B2B,USA,https://ruffwear.com,https://ruffwear.com/pages/affiliates,,,@ruffwear,★★,Outdoor lifestyle
Non-Toxic Chews Toys,8,Wild One,B2B,USA,https://wildone.com,Ambassador,,,@wildone,★,Design brand
Non-Toxic Chews Toys,9,BARK (BarkBox),B2B Affiliate,USA,https://www.barkbox.com,https://www.barkbox.com/affiliates,,,@barkbox,★★,Subscription boxes
Non-Toxic Chews Toys,10,Super Chewer (BARK),B2B,USA,https://www.barkbox.com/super-chewer,Affiliate,,,,★★,Durable chews
Non-Toxic Chews Toys,11,Whimzees,B2B,USA,https://www.whimzees.com,Distributor,,,@whimzees,★★★,Dental — Fresh Smile protocol
Non-Toxic Chews Toys,12,Greenies (verify ingredients),B2B,USA,https://www.greenies.com,Brand partnership,,,@greenies,★,Dental — vet line
Non-Toxic Chews Toys,13,Earth Animal,B2B,USA,https://www.earthanimal.com,Wholesale,,,@earthanimal,★★,No-hide chews
Non-Toxic Chews Toys,14,Bow Wow Labs (Bully Buddy),B2B,USA,https://bowwowlabs.com,Affiliate,,,,★,Safety device
Non-Toxic Chews Toys,15,Best Bully Sticks,B2B Affiliate,USA,https://www.bestbullysticks.com,Affiliate,,,,★,Single ingredient — sourcing review
Non-Toxic Chews Toys,16,Jack & Pup,B2B,USA,https://www.jackandpup.com,Affiliate,,,,★,Treats
Non-Toxic Chews Toys,17,SmartBones / Pegetables,B2B,USA,https://www.smartbones.com,Distributor,,,,★,No rawhide
Non-Toxic Chews Toys,18,Pawstruck,B2B,USA,https://www.pawstruck.com,Affiliate,,,,★,Natural chews
Non-Toxic Chews Toys,19,Natural Farm Pet,B2B,USA,https://www.naturalfarmpet.com,Wholesale,,,,★,Brazilian chews — sourcing
Non-Toxic Chews Toys,20,Starmark,B2B,USA,https://www.starmarkacademy.com,Dealer,,,,★,Training treats
Non-Toxic Chews Toys,21,Outward Hound,B2B,USA,https://outwardhound.com,Affiliate,,,@outwardhound,★,Puzzles/toys
Non-Toxic Chews Toys,22,Nina Ottosson puzzles,B2B,USA,https://www.nina-ottosson.com,Dealer,,,,★,Enrichment
Non-Toxic Chews Toys,23,Snuffle Mats (local makers),P2B Etsy,USA,etsy.com,Artisan wholesale,,,,★★,Allergy enrichment
Non-Toxic Chews Toys,24,West Paw Seaflex line,B2B,USA,westpaw.com,Product line affiliate,,,,★★,
Non-Toxic Chews Toys,25,Cycle Dog,B2B,USA,https://cycledog.com,Wholesale,,,,★,Eco toys
Non-Toxic Chews Toys,26,Planet Pleasures (natural),B2B,USA,https://www.planetpleasures.com,Dealer,,,,★,Natural fibers
Non-Toxic Chews Toys,27,Harry Barker,B2B,USA,https://www.harrybarker.com,Wholesale,,,,★,Eco lifestyle
Non-Toxic Chews Toys,28,PetSafe (toys),B2B,USA,https://www.petsafe.net,Brand,,,@petsafe,★,Auto toys
Non-Toxic Chews Toys,29,Frisco (Chewy brand),B2B Reference,USA,chewy.com,Curate only,,,,★,Value tier
Non-Toxic Chews Toys,30,Branch Basics (cleaners),B2B Env,USA,https://www.branchbasics.com,Affiliate,,,@branchbasics,★★,Environment pillar
Non-Toxic Chews Toys,31,Force of Nature cleaner,B2B Env,USA,https://www.forceofnatureclean.com,Affiliate,,,,★★,Non-toxic home
Non-Toxic Chews Toys,32,Seventh Generation pet-safe,B2B Env,USA,https://www.seventhgeneration.com,Brand,,,,★,Household
Non-Toxic Chews Toys,33,Wyze cameras (Monitor),B2B,USA,https://www.wyze.com,Affiliate,,,@wyze,★★,Monitor My Dog guide
Non-Toxic Chews Toys,34,Ring / Amazon,B2B Reference,USA,ring.com,Affiliate optional,,,,★,Monitor compare
Non-Toxic Chews Toys,35,Furbo,B2B,USA,https://furbo.com,Affiliate,,,@furbo,★,Treat cam
Non-Toxic Chews Toys,36,Puptecture / non-toxic beds,B2B,USA,Independent,Wholesale search,,,,★,Sleep environment
Non-Toxic Chews Toys,37,Avocado Green pet bed,B2B,USA,https://www.avocadogreenmattress.com,Affiliate,,,,★,Non-toxic materials
Non-Toxic Chews Toys,38,Molly Mutt,B2B,USA,https://www.mollymutt.com,Affiliate,,,,★,Washable beds
Non-Toxic Chews Toys,39,West Paw beds,B2B,USA,westpaw.com,Beds line,,,,★★,
Non-Toxic Chews Toys,40,USA made bully stick co-ops,P2B,USA,Regional,Source audit,,,,★,Sourcing transparency
Non-Toxic Chews Toys,41,Pet store buyer meetings,P2B,USA,Trade shows,SuperZoo meetings,,,,★★,Travel $1-3K
Non-Toxic Chews Toys,42,Amazon influencer program,P2B,USA,amazon.com/influencers,Curated storefront,,,,★,Whitelist SKUs
Non-Toxic Chews Toys,43,Target pet private label,P2B Reference,USA,target.com,Benchmark,,,,★,
Non-Toxic Chews Toys,44,Costco pet toys,P2B Reference,USA,costco.com,Benchmark,,,,★,
Non-Toxic Chews Toys,45,Dog toy subscription boxes,P2B,USA,Various,Affiliate compare,,,,★,
Non-Toxic Chews Toys,46,Enrichment trainers,P2P,USA,Instagram,Affiliate referral,,,,★★,Kong + West Paw
Non-Toxic Chews Toys,47,Dog daycare centers,P2B Local,USA,Google Maps,50 local QR,,,,★★,ViT + safe picks
Non-Toxic Chews Toys,48,Pet sitters (Rover sitters),P2P,USA,Rover,Educational handout,,,,★,Not Rover corporate yet
Non-Toxic Chews Toys,49,Recall alert FDA pet,P2B Compliance,USA,https://www.fda.gov/animal-veterinary,Safety newsletter,,,,★★,Trust building
Non-Toxic Chews Toys,50,Freedom Paws safe products page,P2B Internal,USA,/wellness (planned),Curated list,,,,★★★,Build next sprint

Shelters Rescues,1,Best Friends Animal Society,B2B National,UT/USA,https://bestfriends.org,https://bestfriends.org/partnerships,,,@bestfriends,★★★,Network 3000+ partners
Shelters Rescues,2,ASPCA,B2B National,USA,https://www.aspca.org,https://www.aspca.org/about-us/aspca-partnership,,,@aspca,★★,Mission alignment
Shelters Rescues,3,HSUS Shelter Outreach,B2B National,USA,https://www.humanesociety.org,https://www.humanesociety.org/community/shelters,,,@humansociety,★★,Resources not always direct shelter
Shelters Rescues,4,Petco Love,B2B Grants,USA,https://petcolove.org,https://petcolove.org/grants,,,@petcolove,★★★,Grant funding + credibility
Shelters Rescues,5,Maddie's Fund,B2B Grants,USA,https://www.maddiesfund.org,https://www.maddiesfund.org/grants,,,@maddiesfund,★★★,Innovation grants
Shelters Rescues,6,San Francisco SPCA,B2B Pilot,CA,https://www.sfspca.org,Partnership inquiry,,,@sfspca,★★★,CA tech-forward
Shelters Rescues,7,East Bay SPCA,B2B Pilot,CA,https://www.eastbayspca.org,Partnership,,,@eastbayspca,★★★,Future expansion
Shelters Rescues,8,LA Animal Services,B2B Pilot,CA,https://www.lacity.gov/government/departments/animal-services,City partnership,,,@lacitypets,★★,High volume
Shelters Rescues,9,Sacramento SPCA,B2B Pilot,CA,https://www.sspca.org,Partnership,,,@sspca,★★,CA
Shelters Rescues,10,San Diego Humane,B2B Pilot,CA,https://www.sdhumane.org,Partnership,,,@sdhumane,★★,CA volume
Shelters Rescues,11,Orange County Animal Care,CA,CA,https://www.ocpetinfo.com,County outreach,,,,★★,CA
Shelters Rescues,12,Seattle Humane,B2B,WA,https://www.seattlehumane.org,Partnership,,,@seattlehumane,★,West coast
Shelters Rescues,13,Oregon Humane Society,B2B,OR,https://www.oregonhumane.org,Partnership,,,@oregonhumane,★,
Shelters Rescues,14,Austin Pets Alive!,B2B,TX,https://www.austinpetsalive.org,Partnership,,,@austinpetsalive,★★,Innovation leader
Shelters Rescues,15,Animal Care Centers of NYC,B2B,NY,https://www.nycacc.org,Partnership,,,@nycacc,★,Volume
Shelters Rescues,16,Chicago Animal Care,B2B,IL,https://www.chicago.gov/city/en/depts/cacc.html,City,,,,★,
Shelters Rescues,17,Animal Humane Society MN,B2B,MN,https://www.animalhumanesociety.org,Partnership,,,@animalhumane,★,
Shelters Rescues,18,Denver Dumb Friends League,B2B,CO,https://www.ddfl.org,Partnership,,,@ddfl,★,
Shelters Rescues,19,Nashville Humane Association,B2B Pilot,TN,https://www.nashvillehumane.org,Partnership,shelter@freedompawsinc.com,,@nashhumane,★★★,TN pilot
Shelters Rescues,20,Young-Williams Animal Center,B2B Pilot,TN,https://www.young-williams.org,Partnership,,,@youngwilliams,★★★,TN Knoxville
Shelters Rescues,21,Humane Society of Tennessee Valley,B2B Pilot,TN,https://humanesocietytennessee.org,Partnership,,,,★★★,TN regional
Shelters Rescues,22,Memphis Animal Services,B2B,TN,https://www.memphisanimalservices.com,City,,,,★★,TN volume
Shelters Rescues,23,Chattanooga Humane,B2B,TN,https://www.humanechattanooga.org,Partnership,,,,★★,TN
Shelters Rescues,24,Knoxville Young Williams,B2B,TN,See Young-Williams,,,,,★★,
Shelters Rescues,25,Smoky Mountain Animal Care,TN,TN,Regional rescues,Direct,,,,★★,Buddy legacy geography
Shelters Rescues,26,California Animal Welfare Assn,B2B State,CA,https://www.calanimals.org,Conference booth,,,,★★★,CalAnimals conference
Shelters Rescues,27,Tennessee Animal Control Assn,B2B State,TN,State association,Conference,,,,★★★,TN shelter intros
Shelters Rescues,28,Animal Welfare Association NJ,B2B,NJ,https://www.awanj.org,Model reference,,,,★,
Shelters Rescues,29,Richmond SPCA,B2B,VA,https://www.richmondspca.org,Partnership,,,,★,
Shelters Rescues,30,Charleston Animal Society,B2B,SC,https://www.charlestonanimalsociety.org,Partnership,,,,★,
Shelters Rescues,31,Atlanta Humane,B2B,GA,https://www.atlantahumane.org,Partnership,,,@atlantahumane,★★,Southeast hub
Shelters Rescues,32,Florida Urgent Rescue,B2B,FL,https://www.floridaurgentrescue.com,Partnership,,,,★,
Shelters Rescues,33,Miami-Dade Animal Services,B2B,FL,https://www.miamidade.gov/animals,County,,,,★,
Shelters Rescues,34,Houston SPCA,B2B,TX,https://www.houstonspca.org,Partnership,,,,★,
Shelters Rescues,35,Dallas Animal Services,B2B,TX,https://www.dallasanimalservices.org,City,,,,★,
Shelters Rescues,36,Hearts & Bones Rescue,B2B,TX/NY,https://www.heartsandbonesrescue.com,Partnership,,,,★,
Shelters Rescues,37,Rescue Bank (Greater Good),B2B,National,https://www.rescuebank.org,Partnership,,,,★,Food donation angle
Shelters Rescues,38,BISSELL Pet Foundation,B2B,National,https://www.bissellpetfoundation.org,Grants/events,,,@bissellpets,★★,Empty the Shelters events
Shelters Rescues,39,Pets for Patriots,B2B,National,https://www.petsforpatriots.org,Partnership,,,@petsforpatriots,★★★,Veteran+shelter bridge
Shelters Rescues,40,Pilots N Paws,B2B,National,https://www.pilotsnpaws.org,Partnership,,,,★,Transport
Shelters Rescues,41,Animal Rescue Corps,B2B,National,https://www.animalrescuecorps.org,Partnership,,,,★,
Shelters Rescues,42,Wings of Rescue,B2B,National,https://www.wingsofrescue.org,Partnership,,,,★,Transport
Shelters Rescues,43,Shelter Animals Count,B2B Data,National,https://www.shelteranimalscount.org,Data partnership,,,,★★,Metrics credibility
Shelters Rescues,44,Hill's Food Shelter Love,B2B,National,https://www.hillspet.com/shelter,Program reference,,,,★,Nutrition — brand careful
Shelters Rescues,45,Purina Shelter Champions,B2B,National,https://www.purina.com,Reference only,,,,★,Not primary partner
Shelters Rescues,46,Rescue groups Facebook network,P2P,USA,Facebook,Group outreach,,,,★★,Foster networks
Shelters Rescues,47,Petfinder.com shelters,B2B Platform,USA,https://www.petfinder.com,List outreach,,,,★★,5000+ shelters
Shelters Rescues,48,Adopt-a-Pet.com,B2B Platform,USA,https://www.adoptapet.com,Partnership,,,,★,
Shelters Rescues,49,24Petwatch (chip),B2B Reference,USA,https://www.24petwatch.com,Track 2 reference,,,,★,Chip not primary
Shelters Rescues,50,Freedom Paws shelter inbox,B2B Internal,USA,app.freedompawsinc.com/id/shelter,shelter@freedompawsinc.com,,,,★★★,Pilot LOI template

Veteran Service Dog Orgs,1,K9s For Warriors,B2B National,FL/USA,https://www.k9sforwarriors.org,https://www.k9sforwarriors.org/partner,,,@k9sforwarriors,★★★,Largest service dog vet org
Veteran Service Dog Orgs,2,America's VetDogs,B2B National,NY,https://www.vetdogs.org,Corporate partnerships,,,@vetdogs,★★★,Guide/service dogs
Veteran Service Dog Orgs,3,Paws for Purple Hearts,B2B National,CA,https://pawsforpurplehearts.org,Partnership,,,@pawsforpurplehearts,★★★,PTSD service dogs
Veteran Service Dog Orgs,4,Warrior Canine Connection,B2B National,MD,https://warriorcanineconnection.org,Partnership,,,@warriorcanine,★★★,Mission therapy dogs
Veteran Service Dog Orgs,5,Patriot PAWS,B2B,TX,https://www.patriotpaws.org,Partnership,,,@patriotpaws,★★,Service dogs TX
Veteran Service Dog Orgs,6,Canine Companions Veterans,B2B National,CA,https://canine.org,Partnership,,,@caninecompanions,★★,Assistance dogs
Veteran Service Dog Orgs,7,NEADS World Class Service Dogs,B2B,MA,https://www.neads.org,Partnership,,,@neads,★★,
Veteran Service Dog Orgs,8,Semper K9,B2B,VA,https://semperk9.org,Partnership,,,@semperk9,★★,Free service dogs vets
Veteran Service Dog Orgs,9,Mutts With A Mission,B2B,VA,https://www.muttswithamission.org,Partnership,,,,★★,
Veteran Service Dog Orgs,10,Guardian Angels Medical Service Dogs,B2B,FL,https://www.medicalservicedogs.org,Partnership,,,,★★,
Veteran Service Dog Orgs,11,4 Paws for Ability,B2B,OH,https://4pawsforability.org,Partnership,,,,★,
Veteran Service Dog Orgs,12,Canine Assistants,B2B,GA,https://canineassistants.org,Partnership,,,,★,
Veteran Service Dog Orgs,13,Freedom Service Dogs,B2B,CO,https://freedomservicedogs.org,Partnership,,,,★★,Name alignment
Veteran Service Dog Orgs,14,Atlas Assistance Dogs,B2B,WA,https://www.atlasdog.org,Partnership,,,,★,
Veteran Service Dog Orgs,15,Muttville Senior Dogs,B2B,CA,https://muttville.org,Partnership,,,@muttville,★★,Senior dogs veterans
Veteran Service Dog Orgs,16,Pets for Vets,B2B National,USA,https://petsforvets.com,Partnership,,,@petsforvets,★★★,Shelter dog + veteran
Veteran Service Dog Orgs,17,Pets for Patriots,B2B National,USA,https://www.petsforpatriots.org,Partnership,,,@petsforpatriots,★★★,Adoption + veteran
Veteran Service Dog Orgs,18,VFW Posts nationwide,P2B Community,USA,https://www.vfw.org,Local post outreach,,,@VFW,★★★,Lake meetup events
Veteran Service Dog Orgs,19,American Legion,P2B Community,USA,https://www.legion.org,Local posts,,,@AmericanLegion,★★,Community events
Veteran Service Dog Orgs,20,DAV Disabled American Veterans,P2B,USA,https://www.dav.org,Partnership events,,,@DAV,★★,
Veteran Service Dog Orgs,21,Wounded Warrior Project,P2B National,USA,https://www.woundedwarriorproject.org,Corporate partnership inquiry,,,@WWP,★★,Verify pet program fit
Veteran Service Dog Orgs,22,Team Rubicon,P2B,USA,https://teamrubiconusa.org,Community,,,@TeamRubicon,★,Disaster + community
Veteran Service Dog Orgs,23,USO,P2B National,USA,https://www.uso.org,Programs,,,@the_USO,★,Military families
Veteran Service Dog Orgs,24,Travis Manion Foundation,P2B,USA,https://www.travismanion.org,Events,,,@TravisManion,★,
Veteran Service Dog Orgs,25,Iraq and Afghanistan Veterans,P2B,USA,https://iava.org,Partnership,,,@IAVA,★★,
Veteran Service Dog Orgs,26,Student Veterans of America,P2B,USA,https://studentveterans.org,Campus chapters,,,@studentvets,★★,Young veterans + dogs
Veteran Service Dog Orgs,27,Service Dogs Inc,B2B,TX,https://www.servicedogs.org,Partnership,,,,★,
Veteran Service Dog Orgs,28,ECAD Educated Canines Assisting,B2B,CT,https://www.ecad1.org,Partnership,,,,★,
Veteran Service Dog Orgs,29,Canines for Veterans,B2B,SC,https://www.palmettomoon.org,Program search,,,,★,
Veteran Service Dog Orgs,30,Operation Freedom Paws,B2B,AZ,https://www.operationfreedompaws.org,Partnership,,,@opefreedompaws,★★,Name synergy
Veteran Service Dog Orgs,31,Shelter to Soldier,B2B,CA,https://www.sheltertosoldier.org,Partnership,,,@sheltertosoldier,★★,Rescue + veteran
Veteran Service Dog Orgs,32,Vets Adopt Pets,B2B National,USA,https://www.vetsadoptpets.org,Partnership,,,,★★,Adoption fees assistance
Veteran Service Dog Orgs,33,Greater Good Charities veterans,P2B,USA,https://greatergood.org,Programs,,,,★,
Veteran Service Dog Orgs,34,Boulder Crest Foundation,P2B,VA,https://www.bouldercrest.org,Wellness retreats,,,@BoulderCrest,★★,PTSD wellness alignment
Veteran Service Dog Orgs,35,Headstrong Project,P2B,USA,https://www.getheadstrong.org,Mental health,,,@getheadstrong,★,Referral careful
Veteran Service Dog Orgs,36,VA Medical Centers recreation,P2B Federal,USA,https://www.va.gov,Local VA outreach,,,@VeteransAffairs,★,Official channels slow
Veteran Service Dog Orgs,37,State veterans affairs TN CA,P2B State,TN/CA,State sites,State partnership,,,,★★,Pilot states
Veteran Service Dog Orgs,38,Military.com,P2B Media,USA,https://www.military.com,Content partnership,,,@Militarydotcom,★,Editorial
Veteran Service Dog Orgs,39,Task & Purpose,P2B Media,USA,https://taskandpurpose.com,Sponsored content,,,@taskandpurpose,★,$500-2K article
Veteran Service Dog Orgs,40,Military Times,P2B Media,USA,https://www.militarytimes.com,Media,,,,★,
Veteran Service Dog Orgs,41,Patriot Boot Camp,P2B,USA,https://www.patriotbootcamp.org,Startup vets,,,,★,Founder network
Veteran Service Dog Orgs,42,Bunker Labs,P2B,USA,https://bunkerlabs.org,Veteran entrepreneurs,,,@thebunkerlabs,★,
Veteran Service Dog Orgs,43,LinkedIn veteran dog groups,P2P,USA,LinkedIn,Group posts,,,,★★,
Veteran Service Dog Orgs,44,Facebook veteran dog parents,P2P,USA,Facebook,Groups,,,,★★★,Patriot Immune messaging
Veteran Service Dog Orgs,45,Instagram service dog handlers,P2P,USA,Instagram,#servicedog,,,,★★★,UGC Photo Booth
Veteran Service Dog Orgs,46,YouTube veteran dog channels,P2P,USA,YouTube,Creator kits,,,,★★,
Veteran Service Dog Orgs,47,Local TN lake communities,P2P,TN,Regional,Meetup events,,,,★★★,Buddy legacy lakes
Veteran Service Dog Orgs,48,California veteran service orgs,P2B,CA,CalVet,State directory,,,,★★,
Veteran Service Dog Orgs,49,Tennessee Dept Veterans Services,P2B,TN,https://www.tn.gov/veteran,State partnership,,,,★★★,
Veteran Service Dog Orgs,50,Freedom Paws veterans Framer page,P2B Internal,USA,freedompawsinc.com/veterans,partners@freedompawsinc.com,,,,★★★,Sponsored seat MOU
Adoption Network TN Pilot,1,Memphis Animal Services (LIVE),B2B Municipal,TN Shelby,https://memphisanimalservices.com,https://shelter.freedompawsinc.com/partner,901-636-1416 (main),901-636-1416,@memphisanimalservices,★★★,FP slug memphis-animal-services; listings live; M1 municipal
Adoption Network TN Pilot,2,Metro Animal Care and Control Nashville (LIVE),B2B Municipal,TN Davidson,https://www.nashville.gov/departments/health/animal-care-and-control,https://shelter.freedompawsinc.com/partner,615-862-7928,615-862-7928,@nashmetroac,★★★,FP slug metro-animal-care-control; M2 municipal
Adoption Network TN Pilot,3,Young-Williams Animal Center (LIVE),B2B Municipal,TN Knox,https://www.young-williams.org,https://shelter.freedompawsinc.com/partner,865-215-6599,865-215-6599,@youngwilliams,★★★,FP slug young-williams-animal-center; M3 municipal
Adoption Network TN Pilot,4,New Leash on Life Lebanon (LIVE),B2B Private,TN Wilson,https://www.newleashonline.org,https://shelter.freedompawsinc.com/partner,615-444-1144,615-444-1144,@newleashonlife,★★★,FP slug new-leash-on-life; P1 private; founder geography
Adoption Network TN Pilot,5,Humane Society of Sumner County (LIVE),B2B Private,TN Sumner,https://www.sumnerhumane.org,https://shelter.freedompawsinc.com/partner,,,@sumnerhumane,★★★,FP slug humane-society-sumner-county; P2 Hendersonville
Adoption Network TN Pilot,6,Safe Place for Animals Gallatin (LIVE),B2B Private,TN Sumner,https://safeplaceforanimals.com,https://shelter.freedompawsinc.com/partner,,,@safeplaceforanimals,★★★,FP slug safe-place-for-animals; P3 Gallatin
Adoption Network TN Pilot,7,Freedom Paws public TN directory,P2B Internal,TN,https://app.freedompawsinc.com/adopt/tn,https://freedompawsinc.com/adopt,info@freedompawsinc.com,,,★★★,Canonical live inventory hub
Adoption Network TN Pilot,8,Williamson County Animal Center,B2B County,TN Williamson,https://www.williamsoncounty-tn.gov/animal-center,Partnership inquiry,,,,★★,Phase 2 county expansion
Adoption Network TN Pilot,9,Rutherford County Pet Adoption,B2B County,TN Rutherford,https://www.rutherfordcountytn.gov/pet-adoption,Partnership inquiry,,,,★★,Near Murfreesboro
Adoption Network TN Pilot,10,Robertson County Animal Control,B2B County,TN Robertson,https://www.robertsoncountytn.gov,County outreach,,,,★,Near Springfield
Adoption Network TN Pilot,11,Old Friends Senior Dog Sanctuary,B2B Private,TN Wilson,https://www.oldfriendsseniordogs.org,Partnership inquiry,,,@ofsds,★★,Senior specialty Mount Juliet — Phase 2
Adoption Network TN Pilot,12,Agape Animal Rescue Nashville,B2B Private,TN Davidson,https://www.agapeanimals.org,Partnership,,,,★★,Private Nashville rescue
Adoption Network TN Pilot,13,Proverbs 12:10 Animal Rescue,B2B Private,TN Nashville area,https://www.proverbs1210rescue.org,Partnership,,,,★★,No-kill Nashville metro
Adoption Network TN Pilot,14,Crossroads Campus Nashville,B2B Private,TN Davidson,https://www.crossroadscampus.org,Partnership,,,,★★,Youth + animals Nashville
Adoption Network TN Pilot,15,Petfinder TN shelter outreach,B2B Platform,TN,https://www.petfinder.com,List TN shelters for FP invite,,,,★★★,Bulk shelter discovery
Adoption Network TN Pilot,16,Adopt-a-Pet TN shelters,B2B Platform,TN,https://www.adoptapet.com,Partnership,,,,★★,Listing sync manual v1
Adoption Network TN Pilot,17,Lebanon Democrat (local press),P2B Media,TN Wilson,https://www.lebanondemocrat.com,Editorial pitch adoption network,,,,★★★,Local PR — Lebanon angle
Adoption Network TN Pilot,18,The Tennessean,P2B Media,TN Nashville,https://www.tennessean.com,News desk pitch,,,@tennessean,★★,Statewide press
Adoption Network TN Pilot,19,WBIR Knoxville,P2B Media,TN Knox,https://www.wbir.com,Community story,,,@wbir,★★,Young-Williams market
Adoption Network TN Pilot,20,Commercial Appeal Memphis,P2B Media,TN Shelby,https://www.commercialappeal.com,News pitch,,,,★★,MAS market
Adoption Network TN Pilot,21,WTVF NewsChannel 5 Nashville,P2B Media,TN Davidson,https://www.newschannel5.com,Feature pitch,,,,★★,MACC market
Adoption Network TN Pilot,22,WKRN Nashville,P2B Media,TN Davidson,https://www.wkrn.com,Community,,,,★,
Adoption Network TN Pilot,23,NewsChannel 5 Empty Shelters,B2B Event,TN,https://www.newschannel5.com,Event co-sponsor,,,,★★,Adoption day tie-in
Adoption Network TN Pilot,24,TN Dept Agriculture Animal Health,B2B State,TN,https://www.tn.gov/agriculture,State pilot letter,,,,★★,Municipal credibility
Adoption Network TN Pilot,25,Metro Nashville Parks events,P2B,TN Nashville,https://www.nashville.gov/parks,Adoption event permit,,,,★,Public adoption fairs
Media PR National,1,The Dodo,P2B Media,National,https://www.thedodo.com,Partnership / story pitch,,,@thedodo,★★★,Rescue viral; Fetch insurer overlap
Media PR National,2,Good Morning America Pets,P2B Media,National,https://www.goodmorningamerica.com,Pets segment pitch,,,@GMA,★,Long shot reunion story
Media PR National,3,Today Show Pet segment,P2B Media,National,https://www.today.com,Pets producer,,,@TODAYshow,★,
Media PR National,4,USA Today pets,P2B Media,National,https://www.usatoday.com,Pets editor,,,,★★,
Media PR National,5,People Magazine pets,P2B Media,National,https://people.com/pets,Editorial,,,@people,★★,Adoption + reunion human interest
Media PR National,6,Pet Business Magazine,B2B Trade,National,https://www.petbusiness.com,Advertise / contribute,,,,★★,B2B shelter tech angle
Media PR National,7,Animal Sheltering Magazine,B2B Trade,National,https://www.animalsheltering.org,Article pitch,,,@HumaneSociety,★★★,Shelter decision-makers read this
Media PR National,8,Best Friends Network blog,B2B,National,https://network.bestfriends.org,Guest post,,,,★★★,
Media PR National,9,Podcast — Can I Pet Your Dog,P2P,National,https://www.canipetyourdog.com,Sponsor / guest,,,,★★,
Media PR National,10,Podcast — Cog Dog Radio,P2P,National,https://cogdogradio.com,Guest,,,,★★,Training + wellness
Grants Foundations,1,Petco Love Innovation,Grants,National,https://petcolove.org/grants,Grant application,,,@petcolove,★★★,Adoption + ID pilot funding
Grants Foundations,2,Maddie's Fund Innovation,Grants,National,https://www.maddiesfund.org/grants,Grant application,,,@maddiesfund,★★★,Shelter software innovation
Grants Foundations,3,ASPCA Grants,Grants,National,https://www.aspca.org/grants,Application,,,@aspca,★★,
Grants Foundations,4,Banfield Foundation,Grants,National,https://www.banfieldfoundation.org/grants,Application,,,,★★,Preventive care alignment
Grants Foundations,5,AKC Humane Fund,Grants,National,https://www.akc.org/akc-humane-fund,Grant,,,,★,
Grants Foundations,6,Pedigree Foundation,Grants,National,https://www.pedigreefoundation.org,Grant,,,@pedigree,★★,Adoption events
Grants Foundations,7,Greater Good Charities,Grants,National,https://greatergood.org/grants,Application,,,,★★,
Grants Foundations,8,WaterShed Animal Fund,Grants,OK/National,https://www.watershedanimalfund.org,Grant,,,,★★,No-kill innovation
Grants Foundations,9,Tennessee Community Foundation,Grants,TN,https://www.cfgtn.org,Local grant,,,,★★,TN-specific
Grants Foundations,10,Community Foundation Middle TN,Grants,TN Nashville,https://www.cfmt.org,Grant inquiry,,,,★★★,Nashville metro
Public Influencers,1,Instagram #adoptdontshop TN,P2P Social,TN,Instagram,Hashtag outreach,,,,★★★,Micro-influencer DM batch
Public Influencers,2,Instagram #dogsofnashville,P2P Social,TN Nashville,Instagram,Local creators,,,,★★★,
Public Influencers,3,Instagram #memphisdogs,P2P Social,TN Memphis,Instagram,Local creators,,,,★★,
Public Influencers,4,Instagram #knoxvilledogs,P2P Social,TN Knoxville,Instagram,Local creators,,,,★★,
Public Influencers,5,TikTok dog rescue creators,P2P Social,National,TikTok,Creator affiliate 10 targets,,,,★★★,Listing spotlight videos
Public Influencers,6,YouTube dog adoption channels,P2P,National,YouTube,Collab,,,,★★,
Public Influencers,7,Facebook Senior Dog Lovers,P2P,USA,Facebook,Group admin outreach,,,,★★★,ViT + calm protocol
Public Influencers,8,Facebook TN Dog Adoption,P2P,TN,Facebook,Group posts,,,,★★★,Direct /adopt/tn links
Public Influencers,9,Reddit r/Tennessee,P2P,TN,Reddit,Community post rules,,,,★★,Adoption directory announce
Public Influencers,10,Reddit r/dogs,P2P,National,Reddit,Helpful ViT comments only,,,,★,No spam
Public Influencers,11,Nextdoor Lebanon TN,P2P,TN Wilson,Nextdoor,Neighborhood post,,,,★★★,Hyperlocal
Public Influencers,12,Nextdoor Nashville,P2P,TN Davidson,Nextdoor,Neighborhood,,,,★★,
Holistic Retail Local,1,The Dog Store Nashville,P2B Local,TN Nashville,Google Maps,QR card partnership,,,,★★,ViT + adopt QR
Holistic Retail Local,2,Hollywood Feed (TN locations),P2B Local,TN Multi,https://www.hollywoodfeed.com,Regional partnership,,,@hollywoodfeed,★★,Whole-food retail chain TN
Holistic Retail Local,3,Pet Wants Nashville,P2B Local,TN Nashville,https://www.petwants.com,Franchise outreach,,,,★★,Fresh food delivery
Holistic Retail Local,4,Natural Pawz (if TN),P2B Local,TN,Google Maps,Local stores,,,,★,Natural retail
Holistic Retail Local,5,Lebanon TN pet stores,P2B Local,TN Wilson,Google Maps,5 store walk-ins,,,,★★★,Founder local
Holistic Retail Local,6,Hendersonville pet stores,P2B Local,TN Sumner,Google Maps,5 store walk-ins,,,,★★,HSSC corridor
Holistic Retail Local,7,Gallatin pet stores,P2B Local,TN Sumner,Google Maps,5 store walk-ins,,,,★★,SPA corridor
Holistic Retail Local,8,Groomers Lebanon TN,P2B Local,TN Wilson,Google Maps,10 groomers QR,,,,★★,High dog traffic
Holistic Retail Local,9,Dog trainers Middle TN,P2B Local,TN,Google Maps,Trainer referral network,,,,★★,Wellness cross-sell
Holistic Retail Local,10,Vet clinics integrative TN,P2B Local,TN,AHVMA + Maps,10 clinic QR cards,,,,★★★,ViT waiting room
Freedom Paws ID,1,AAHA microchip lookup API,B2B Reference,National,https://www.aaha.org,Track 2 reference,,,,★,Chip lookup future
Freedom Paws ID,2,HomeAgain microchip,B2B Reference,National,https://www.homeagain.com,Not competitor pitch,,,,★,Reference only
Freedom Paws ID,3,24Petwatch,B2B Reference,National,https://www.24petwatch.com,Reference,,,,★,
Freedom Paws ID,4,Found Animals microchip,B2B Reference,National,https://www.foundanimals.org,Reference,,,,★,
Freedom Paws ID,5,Supabase Freedom-Paws-ID project,B2B Internal,Cloud,https://supabase.com/dashboard,Admin console,,,,★★★,Database ops
XRPL Crypto Community,1,Xaman wallet community,P2P,Global,https://xumm.app,Community posts,,,,★★,Token shop niche
XRPL Crypto Community,2,XRPL Developers Discord,P2P,Global,Discord,XRPL grants,,,,★,Ecosystem grants
XRPL Crypto Community,3,Ripple community grants,B2B,Global,https://ripple.com,Grants inquiry,,,,★,
Internal Operations,1,Freedom Paws partners inbox,B2B Internal,USA,,partners@freedompawsinc.com,,,,★★★,Affiliate + insurance
Internal Operations,2,Freedom Paws shelter inbox,B2B Internal,USA,,shelter@freedompawsinc.com,,,,★★★,Shelter + municipal
Internal Operations,3,Freedom Paws general,B2B Internal,USA,,info@freedompawsinc.com,,,,★★★,Public + grants
Internal Operations,4,Freedom Paws notifications,Transactional,USA,,notifications@freedompawsinc.com,,,,★★★,Resend automated sends
Internal Operations,5,Vercel deployment,B2B Internal,Cloud,https://vercel.com,Deploy dashboard,,,,★★★,app + shelter host
Internal Operations,6,Resend email API,B2B Internal,Cloud,https://resend.com,Dashboard,,,,★★★,Sequence automation
Internal Operations,7,Impact.com publisher,B2B Internal,USA,https://impact.com,Affiliate hub,,,,★★★,Insurance apply
Internal Operations,8,HubSpot Free CRM,B2B Internal,USA,https://hubspot.com,CRM pipeline,,,,★★★,Contact sync
Internal Operations,9,n8n automation,B2B Internal,Cloud,https://n8n.io,Workflow host,,,,★★★,95% automation spine
Internal Operations,10,Google Sheets Master CRM,B2B Internal,Cloud,sheets.google.com,Import master CSV,,,,★★★,Source of truth
